qid,query,prediction,cardinals,tf_answer,relaxed_precision,equivalent_ids,subgroups_ids,unrelated_ids
9622,how many koch brothers,4,"[(4.0, 0.91), (4.0, 0.98), (4.0, 0.98), (4.0, 0.98)]","[('0', 0.91, 'four sons', 4.0), ('19', 0.98, 'four Koch brothers', 4.0), ('27', 0.98, 'four sons', 4.0), ('31', 0.98, 'four sons', 4.0)]",1,"[19,27,31,0]",,
10189,how many nolan ryan rookie cards exist,132,"[(132.0, 0.98), (132.0, 0.98), (132.0, 0.86), (27.0, 0.98)]","[('12', 0.98, '132 cards', 132.0), ('14', 0.98, '132 cards', 132.0), ('24', 0.86, '132 cards', 132.0), ('39', 0.98, '27 cards', 27.0)]",1,"[12,14,24]",[39],
7598,how many times was breonna taylor shot,6,"[(8.0, 0.96), (6.0, 0.76), (8.0, 0.96), (6.0, 0.76), (2.0, 0.61)]","[('14', 0.96, 'eight times', 8.0), ('17', 0.76, 'six times', 6.0), ('18', 0.38, 'two officers', 2.0), ('19', 0.96, 'eight times', 8.0), ('22', 0.33, 'five', 5.0), ('23', 0.76, 'six times', 6.0), ('25', 0.61, '2.0', 2.0), ('28', 0.38, 'two officers', 2.0)]",1,"[14,17,19,23]",,[25]
8653,how many presidents named william,4,"[(4.0, 0.97), (5.0, 0.95), (4.0, 0.93), (6.0, 0.92), (4.0, 0.82), (4.0, 0.67), (6.0, 0.6), (4.0, 0.94)]","[('0', 0.97, 'Four', 4.0), ('1', 0.95, '5', 5.0), ('2', 0.93, 'four-year term', 4.0), ('4', 0.92, 'Six U.S. presidents', 6.0), ('11', 0.82, '4 presidents', 4.0), ('17', 0.18, '4', 4.0), ('23', 0.67, '4 Williams', 4.0), ('27', 0.39, 'Four presidents', 4.0), ('29', 0.6, 'six', 6.0), ('30', 0.42, 'Four different Black & Tan Coonhounds', 4.0), ('34', 0.94, '4 presidents', 4.0)]",1,"[0,34,11,23]",,"[1,2,4,29]"
8804,how many ophthalmology practices are there in the us,18500,"[(18500.0, 0.94), (23861.0, 0.73), (7000.0, 0.96)]","[('10', 0.94, 'about 18,500', 18500.0), ('11', 0.73, 'approximately 23,861', 23861.0), ('32', 0.96, 'about 7,000', 7000.0)]",1,"[10,11]",[32],
9832,how many main islands in hawaii,8,"[(8.0, 0.95), (8.0, 0.5), (8.0, 0.97), (6.0, 0.98), (8.0, 0.95), (8.0, 0.5), (8.0, 0.53), (6.0, 0.99), (6.0, 0.98), (6.0, 0.98), (6.0, 0.99), (6.0, 0.99), (8.0, 0.95), (8.0, 0.98), (8.0, 0.94), (8.0, 0.95), (8.0, 0.98)]","[('0', 0.95, 'eight major islands', 8.0), ('5', 0.5, 'eight islands', 8.0), ('10', 0.97, '8 Islands', 8.0), ('12', 0.98, 'six main islands', 6.0), ('13', 0.95, 'eight major islands', 8.0), ('15', 0.5, 'eight islands', 8.0), ('17', 0.53, '8 largest', 8.0), ('21', 0.99, 'six main islands', 6.0), ('22', 0.98, 'six main islands', 6.0), ('24', 0.98, 'six main islands', 6.0), ('30', 0.99, 'six main islands', 6.0), ('31', 0.99, 'six main islands', 6.0), ('33', 0.95, 'eight major islands', 8.0), ('35', 0.98, 'eight main islands', 8.0), ('37', 0.94, 'Eight main islands', 8.0), ('40', 0.95, 'eight major islands', 8.0), ('43', 0.98, 'eight main islands', 8.0)]",1,"[35,43,10,0,13,33,40,37,17,5,15,12,21,22,24,30,31]",,
7481,how many mayors in new york,109,"[(109.0, 0.81)]","[('28', 0.81, '109 mayors', 109.0)]",1,,,
7650,how many jeep yj were made,557412,"[(557412.0, 0.93)]","[('7', 0.93, '557,412', 557412.0)]",1,,,
7903,how many big bazaar stores in india,250,"[(300.0, 0.65), (250.0, 0.98), (214.0, 0.93), (75.0, 0.94), (53.0, 0.56), (350.0, 0.96)]","[('1', 0.65, 'about 300+ stores', 300.0), ('5', 0.98, '250+ stores', 250.0), ('28', 0.93, '214 stores', 214.0), ('31', 0.94, '75 outlets', 75.0), ('34', 0.56, '53 standalone outlets', 53.0), ('45', 0.96, '350 stores', 350.0)]",1,"[5,1,28,45]","[31,34]",
9311,how many students in gwinnett county schools,180589,"[(188713.0, 0.95), (70243.0, 0.92), (180589.0, 0.98), (180000.0, 0.97)]","[('2', 0.95, '188,713', 188713.0), ('10', 0.92, '70,243', 70243.0), ('21', 0.98, '180,589', 180589.0), ('33', 0.97, 'about 180,000', 180000.0)]",1,"[21,2,33]",[10],
9349,how many hibbett sports stores are there,1025,"[(1000.0, 0.96), (1025.0, 0.92), (1025.0, 0.98), (1082.0, 0.98), (1067.0, 0.98), (1000.0, 0.95), (1067.0, 0.96)]","[('2', 0.96, '1000+ stores', 1000.0), ('5', 0.92, '1,025', 1025.0), ('9', 0.98, '1,025', 1025.0), ('11', 0.98, '1,082', 1082.0), ('16', 0.98, 'approximately 1,067', 1067.0), ('24', 0.95, '1,000', 1000.0), ('32', 0.96, 'approximately 1,067', 1067.0)]",1,"[32,2,5,9,11,16,24]",,
9943,how many seats mns won,1,"[(1.0, 0.98), (1.0, 0.55), (1.0, 0.62), (1.0, 0.84), (1.0, 0.96), (1.0, 0.98), (1.0, 0.99), (1.0, 0.99), (1.0, 0.99), (2.0, 0.93)]","[('0', 0.98, '1 seat', 1.0), ('1', 0.55, 'one.', 1.0), ('2', 0.62, 'one seat —', 1.0), ('4', 0.84, 'one seat', 1.0), ('11', 0.96, 'one seat', 1.0), ('17', 0.98, 'one seat', 1.0), ('25', 0.99, '1 seat', 1.0), ('26', 0.99, 'one seat', 1.0), ('27', 0.99, '1 seat', 1.0), ('34', 0.49, '1 of 12', 12.0), ('40', 0.93, '1 of 2', 2.0)]",1,"[25,26,27,0,17,11,4,2,1,40]",,
10274,how many population in texas,28000000,"[(28000000.0, 0.94), (29000000.0, 0.97), (2840939.0, 0.56), (26500000.0, 0.96)]","[('5', 0.94, 'almost 28 million', 28000000.0), ('10', 0.97, 'about 29 million people', 29000000.0), ('19', 0.56, '2,840,939', 2840939.0), ('39', 0.96, 'approximately 26.5 million', 26500000.0)]",1,"[5,10,39]",[19],
10810,how many uk citizens are there,65599999,"[(66800000.0, 0.97), (65599999.99999999, 0.95), (3500000.0, 0.54)]","[('0', 0.97, 'estimated 66.8 million', 66800000.0), ('1', 0.95, '65.6 million', 65599999.99999999), ('7', 0.54, 'around 3.5 million EU citizens', 3500000.0)]",1,"[1,0]",[7],
11298,how many ikea's are in the us,52,"[(52.0, 0.95), (50.0, 0.66), (52.0, 0.52), (52.0, 0.93), (50.0, 0.67), (52.0, 0.78), (40.0, 0.95), (52.0, 0.95), (422.0, 0.63), (50.0, 0.87), (52.0, 0.78), (2018.0, 0.63), (464.0, 0.84), (2018.0, 0.58), (50.0, 0.89), (445.0, 0.68)]","[('0', 0.95, '52 IKEA locations', 52.0), ('1', 0.66, '50 IKEA locations', 50.0), ('2', 0.52, '52 IKEA locations', 52.0), ('3', 0.93, '52 IKEA locations', 52.0), ('4', 0.67, '50 IKEA locations', 50.0), ('5', 0.78, '52 IKEA locations', 52.0), ('6', 0.95, 'roughly 40 stores', 40.0), ('7', 0.95, '52 IKEA locations', 52.0), ('9', 0.63, '422 stores', 422.0), ('11', 0.87, '50 IKEA locations', 50.0), ('20', 0.78, '52 IKEA locations', 52.0), ('22', 0.63, '2018', 2018.0), ('25', 0.84, '464 IKEA stores', 464.0), ('30', 0.58, '2018', 2018.0), ('34', 0.89, '50 IKEA locations', 50.0), ('38', 0.68, '445 Ikea stores', 445.0)]",1,"[0,7,3,5,20,2,1,4,6,11,34]",,"[9,22,25,30,38]"
10593,how many snc employees in canada,37584,"[(23923.0, 0.66), (8762.0, 0.69), (9000.0, 0.88), (37584.0, 0.97), (40000.0, 0.99), (37584.0, 0.98), (2000000.0, 0.93), (9000.0, 0.98)]","[('1', 0.66, '23,923', 23923.0), ('2', 0.69, '8,762', 8762.0), ('3', 0.88, 'roughly 9,000', 9000.0), ('4', 0.97, '37,584', 37584.0), ('16', 0.99, '40,000', 40000.0), ('19', 0.98, '37,584', 37584.0), ('23', 0.93, '2 million people', 2000000.0), ('43', 0.98, '9,000', 9000.0)]",1,"[4,16,19,43]","[1,2,3]",[23]
8291,how many dnb seats in india,9795,"[(9795.0, 0.65)]","[('1', 0.36, '9405 DNB/DrNB SEATS', 9405.0), ('19', 0.65, '9795 DNB/FNB seats', 9795.0)]",1,,,
8384,how many icc trophies does india have,5,"[(5.0, 0.74), (5.0, 0.51), (5.0, 0.62), (4.0, 0.81), (4.0, 0.56)]","[('1', 0.74, 'five major ICC tournaments', 5.0), ('17', 0.51, 'five major ICC tournaments.', 5.0), ('22', 0.62, 'five major ICC tournaments', 5.0), ('23', 0.81, 'four years', 4.0), ('37', 0.56, 'four years', 4.0)]",1,"[1,17,22]",,"[23,37]"
7605,how many uighurs are there in china,11300000,"[(11000000.0, 0.89), (11000000.0, 0.98), (11300000.0, 0.96), (12000000.0, 0.98)]","[('12', 0.89, 'About eleven million Uyghurs', 11000000.0), ('15', 0.98, 'about 11 million', 11000000.0), ('19', 0.96, 'approximately 11.3 million Uyghurs', 11300000.0), ('22', 0.98, 'About 12 million Uighurs', 12000000.0)]",1,"[19,12,15,22]",,
9745,how many live in new york,8300000,"[(8300000.000000001, 0.93)]","[('3', 0.93, '8.3 million people', 8300000.000000001)]",1,,,
8729,how many companies on nzx,188,"[(188.0, 0.99)]","[('16', 0.99, '188 companies', 188.0)]",1,,,
11445,how many hmong in china,2700000,"[(3900000.0, 0.99), (2700000.0, 0.76), (2700000.0, 0.89), (2143.0, 0.64)]","[('9', 0.99, '3,900,000', 3900000.0), ('13', 0.76, 'about 2.7 million', 2700000.0), ('31', 0.89, 'about 2.7 million', 2700000.0), ('32', 0.64, '2,143', 2143.0)]",1,"[31,9,13]",,[32]
7176,how many dbqs are on the apush exam 2020,5,"[(5.0, 0.81), (5.0, 0.97), (9.0, 0.82), (5.0, 0.53), (5.0, 0.98), (5.0, 0.92), (5.0, 0.98)]","[('10', 0.81, 'five', 5.0), ('17', 0.97, 'five documents', 5.0), ('20', 0.82, 'nine units', 9.0), ('30', 0.53, '5 document', 5.0), ('33', 0.98, 'five documents', 5.0), ('40', 0.49, 'seven 5-document DBQs', 7.0), ('42', 0.92, 'five documents', 5.0), ('44', 0.98, 'five documents', 5.0)]",0,,,
7222,how many fbi agents are there 2020,900,"[(5.0, 0.69), (13998.0, 0.81), (35664.0, 0.99), (48.0, 0.88), (900.0, 0.79)]","[('4', 0.69, 'five major types', 5.0), ('5', 0.81, '13,998', 13998.0), ('6', 0.99, '35,664', 35664.0), ('17', 0.88, '48 positions', 48.0), ('20', 0.44, '56 field offices', 56.0), ('24', 0.79, 'some 900 individuals', 900.0)]",0,,,
7230,how many homicides in milwaukee 2019,167,"[(58.0, 0.94), (190.0, 0.93), (97.0, 0.97), (190.0, 0.52), (189.0, 0.97), (97.0, 0.82), (155.0, 0.59), (190.0, 0.97), (189.0, 0.98), (189.0, 0.96), (147.0, 0.55), (167.0, 0.6), (140.0, 0.92)]","[('0', 0.94, '58', 58.0), ('10', 0.93, '190 homicides', 190.0), ('11', 0.97, '97 homicides', 97.0), ('16', 0.52, '190 homicides', 190.0), ('17', 0.97, '189 homicides', 189.0), ('18', 0.82, '97 homicides', 97.0), ('22', 0.59, '155 homicides', 155.0), ('24', 0.97, '190 homicides', 190.0), ('29', 0.98, '189 homicides', 189.0), ('31', 0.96, '189 homicides', 189.0), ('34', 0.55, '147 murders', 147.0), ('39', 0.6, '167 gun-related murders', 167.0), ('43', 0.92, '140', 140.0)]",0,,,
8798,how many onomatopoeia in japanese,1200,"[(5.0, 0.6), (5.0, 0.58), (4500.0, 0.99), (1200.0, 0.76), (50.0, 0.95), (1200.0, 0.63)]","[('0', 0.6, 'five types', 5.0), ('1', 0.58, 'five main types', 5.0), ('10', 0.99, '4,500', 4500.0), ('13', 0.76, '1,200', 1200.0), ('26', 0.95, 'fifty sounds', 50.0), ('32', 0.63, '1,200', 1200.0)]",0,,,
10217,how many peter pan movies are there,6,"[(6.0, 0.9), (1000.0, 0.87)]","[('1', 0.9, 'six films', 6.0), ('2', 0.87, '1000 peter pan movies', 1000.0), ('12', 0.29, '15', 15.0), ('24', 0.47, '3', 3.0)]",0,,,
9054,how many stops euston to london bridge,334,"[(334.0, 0.86), (11.0, 0.83)]","[('0', 0.39, 'five minutes', 5.0), ('17', 0.86, '334 train stations', 334.0), ('23', 0.38, '5 minutes', 5.0), ('31', 0.46, '39 km', 39.0), ('38', 0.83, '11 km', 11.0)]",0,,,
8746,how many odf states in india,28,"[(28.0, 0.98), (28.0, 0.98), (28.0, 0.99), (28.0, 0.97), (37.0, 0.76), (28.0, 0.98), (28.0, 0.98), (28.0, 0.93), (29.0, 0.94), (29.0, 0.98), (28.0, 0.99), (28.0, 1.0), (28.0, 0.98), (28.0, 0.99), (28.0, 0.89), (28.0, 0.89), (28.0, 0.98), (28.0, 0.95), (28.0, 0.99), (17.0, 0.65), (29.0, 0.98), (28.0, 0.99), (31.0, 0.54), (17.0, 0.78)]","[('0', 0.98, '28 States', 28.0), ('1', 0.98, '28 states', 28.0), ('3', 0.99, '28 states', 28.0), ('4', 0.97, '28 states', 28.0), ('5', 0.76, '37 States', 37.0), ('6', 0.98, '28 states', 28.0), ('7', 0.98, '28 states', 28.0), ('8', 0.93, '28 states', 28.0), ('10', 0.94, '29 Indian states', 29.0), ('12', 0.98, '29 states', 29.0), ('13', 0.99, '28 states', 28.0), ('14', 1.0, '28', 28.0), ('15', 0.98, '28 states', 28.0), ('16', 0.99, '28 states', 28.0), ('17', 0.89, '28 states', 28.0), ('18', 0.89, '28 states', 28.0), ('19', 0.98, '28 States', 28.0), ('21', 0.95, '28 states', 28.0), ('23', 0.99, '28 states', 28.0), ('26', 0.65, '17 countries', 17.0), ('28', 0.98, '29 states', 29.0), ('34', 0.99, '28 states', 28.0), ('40', 0.54, '31 states', 31.0), ('42', 0.78, '17', 17.0)]",0,,,
9631,how many korean words are there,300,"[(511282.0, 0.93), (60.0, 0.72), (300.0, 0.6)]","[('14', 0.93, '511,282', 511282.0), ('27', 0.72, '60 Korean Words', 60.0), ('32', 0.6, 'about 300 words', 300.0)]",0,,,
8526,how many islands are in the galapagos,13,"[(13.0, 0.97), (13.0, 0.97), (4.0, 0.8), (13.0, 0.59), (18.0, 0.59), (13.0, 0.89), (7.0, 0.82), (13.0, 0.95), (4.0, 0.97), (127.0, 0.98)]","[('0', 0.97, 'thirteen major islands', 13.0), ('2', 0.97, '13 major islands', 13.0), ('3', 0.8, 'four inhabited islands', 4.0), ('9', 0.59, '13 major islands', 13.0), ('10', 0.59, '18 main islands', 18.0), ('17', 0.89, '13 major islands', 13.0), ('19', 0.82, 'seven major islands', 7.0), ('24', 0.95, '13 major islands', 13.0), ('27', 0.97, 'four islands', 4.0), ('30', 0.98, '127 islands', 127.0), ('31', 0.43, '18 major islands', 18.0)]",0,,,
8119,how many cng pump in gorakhpur,2,"[(2.0, 0.71)]","[('24', 0.71, 'two CNG pumps', 2.0), ('42', 0.45, '2 CNG Pumps', 2.0)]",0,,,
8160,how many crm companies are there,379,"[(300.0, 0.6), (379.0, 0.52), (40500.0, 0.87)]","[('14', 0.6, '300 CRM software companies', 300.0), ('18', 0.52, '379 CRM systems', 379.0), ('20', 0.87, 'Approximately 40,500', 40500.0)]",0,,,
8379,how many ibis hotels in paris,100,"[(55.0, 0.93), (100.0, 0.95), (100.0, 0.71), (2495.0, 0.92), (2495.0, 0.81)]","[('3', 0.93, '55 Ibis Hotels', 55.0), ('8', 0.95, '100 hotels', 100.0), ('9', 0.71, '100 hotels', 100.0), ('18', 0.92, '2,495', 2495.0), ('23', 0.81, '2,495', 2495.0)]",0,,,
8696,how many kv schools in haryana,1229,"[(56.0, 0.9), (44.0, 0.79), (1248.0, 0.89), (1229.0, 0.91)]","[('0', 0.9, '56 KVS schools', 56.0), ('1', 0.79, '44 Kendriya Vidyalaya School', 44.0), ('3', 0.89, '1,248', 1248.0), ('9', 0.91, 'Nearly 1229 kv schools', 1229.0)]",0,,,
10022,how many mvnos in the us,171,"[(36000000.0, 0.65), (171.0, 1.0), (139.0, 0.9), (171.0, 1.0), (4.0, 0.83), (139.0, 0.98), (1017.0, 0.86), (113900000000.0, 0.9), (171.0, 1.0), (171.0, 0.99)]","[('2', 0.65, '36 million active subscribers', 36000000.0), ('3', 1.0, '171', 171.0), ('4', 0.9, '139 MVNO brands', 139.0), ('5', 1.0, '171', 171.0), ('9', 0.83, 'four major carriers', 4.0), ('19', 0.98, '139 MVNO brands', 139.0), ('20', 0.86, '1,017', 1017.0), ('26', 0.9, '113.9 billion', 113900000000.0), ('34', 1.0, '171', 171.0), ('35', 0.99, '171', 171.0)]",0,,,
10325,how many pwc offices in australia,5800,"[(5800.0, 0.96)]","[('20', 0.96, '5,800', 5800.0)]",0,,,
10439,how many rixos in dubai,414,"[(414.0, 0.67)]","[('0', 0.67, '414 stylish rooms', 414.0), ('21', 0.33, '17 kilometres', 17.0)]",0,,,
7234,how many seats jsp won in 2019,175,"[(1.0, 0.81), (175.0, 0.94), (230.0, 0.58)]","[('1', 0.81, 'one seat', 1.0), ('2', 0.94, '175 Assembly seats', 175.0), ('14', 0.58, '230-seat parliament', 230.0)]",0,,,
7265,how many ppv buys for ufc 250,1650000,"[(1650000.0, 0.88), (2400000.0, 0.97), (1500000.0, 0.58), (1353429.0, 0.52)]","[('4', 0.88, '1.65 million pay-per-view buys', 1650000.0), ('17', 0.97, '2.4 million buys', 2400000.0), ('28', 0.58, '1.5 million PPV buys', 1500000.0), ('44', 0.52, '1,353,429', 1353429.0)]",0,,,
7351,how many albums does eminem have,11,"[(11.0, 0.97), (49100000.0, 0.65), (11.0, 0.98), (7.0, 0.97), (10.0, 0.98), (19.0, 0.96), (16.0, 0.98)]","[('3', 0.97, '11 albums', 11.0), ('4', 0.65, '49.1 million albums', 49100000.0), ('8', 0.98, '11 albums', 11.0), ('10', 0.97, '7 albums', 7.0), ('11', 0.98, '10 studio albums', 10.0), ('12', 0.96, '19 albums', 19.0), ('22', 0.98, 'sixteen albums', 16.0)]",0,,,
8075,how many cajuns in louisiana,1000000,"[(1000000.0, 0.93)]","[('35', 0.93, 'nearly 1 million Cajuns', 1000000.0)]",0,,,
8152,how many cpm mla in west bengal,60,"[(60.0, 0.68)]","[('4', 0.44, '136 of the total 294 seats', 136.0), ('32', 0.68, 'nearly 60 seats', 60.0)]",0,,,
8174,how many cases of corona in ohio,3700,"[(2038579.0, 0.98), (3700.0, 0.99)]","[('6', 0.98, '2,038,579', 2038579.0), ('8', 0.99, '3,700', 3700.0)]",0,,,
8254,how many dhq in pakistan,10,"[(10.0, 0.94)]","[('45', 0.94, '10', 10.0)]",0,,,
8294,how many dnc members are there,535,"[(168.0, 0.51), (535.0, 0.93)]","[('3', 0.51, '168 members', 168.0), ('44', 0.93, '535 members', 535.0)]",0,,,
8413,how many ied attacks in afghanistan,2020,"[(7979.0, 0.97), (26.0, 0.52), (183.0, 0.52), (170.0, 0.52), (2021.0, 0.97), (3043.0, 0.54), (2015.0, 0.97), (2020.0, 0.99)]","[('3', 0.97, '7,979', 7979.0), ('4', 0.52, '26 August 2021, at 17:50 local time (13:20 UTC), during the evacuation from Afghanistan. At least 183 people were killed, including 170 Afghan civilians', 26.0), ('4', 0.52, '26 August 2021, at 17:50 local time (13:20 UTC), during the evacuation from Afghanistan. At least 183 people were killed, including 170 Afghan civilians', 183.0), ('4', 0.52, '26 August 2021, at 17:50 local time (13:20 UTC), during the evacuation from Afghanistan. At least 183 people were killed, including 170 Afghan civilians', 170.0), ('17', 0.97, '2021', 2021.0), ('21', 0.54, '3,043', 3043.0), ('38', 0.97, '2015', 2015.0), ('40', 0.99, '2020', 2020.0)]",0,,,
8633,how many nri in canada,1541955,"[(1541955.0, 0.74)]","[('10', 0.74, '1,541,955', 1541955.0)]",0,,,
8758,how many episodes of handmaid's tale,10,"[(46.0, 0.99), (10.0, 0.99), (13.0, 0.95), (5.0, 0.86), (5.0, 0.92), (13.0, 0.95), (13.0, 0.98), (10.0, 0.96), (10.0, 0.76), (5.0, 0.91), (10.0, 0.99), (8.0, 0.99), (10.0, 0.85), (10.0, 0.96), (5.0, 0.86), (11.0, 0.64), (13.0, 0.87), (3.0, 0.82), (10.0, 0.99), (10.0, 0.96), (4.0, 0.89), (4.0, 0.83), (5.0, 0.62)]","[('0', 0.99, '46 episodes', 46.0), ('1', 0.99, '10 episodes', 10.0), ('2', 0.37, '5. Seasons 1 and 4 each had 10 episodes', 5.0), ('2', 0.37, '5. Seasons 1 and 4 each had 10 episodes', 1.0), ('2', 0.37, '5. Seasons 1 and 4 each had 10 episodes', 10.0), ('4', 0.95, '13 episodes', 13.0), ('6', 0.86, '5', 5.0), ('8', 0.39, ""four of The Handmaid's Tale"", 4.0), ('9', 0.92, '5', 5.0), ('13', 0.95, '13 episodes', 13.0), ('15', 0.98, '13 episodes', 13.0), ('16', 0.96, '10 episodes', 10.0), ('17', 0.76, '10 episodes', 10.0), ('19', 0.91, '5 release date', 5.0), ('20', 0.99, '10 episodes', 10.0), ('21', 0.99, 'eight episodes', 8.0), ('22', 0.85, '10 episodes', 10.0), ('24', 0.96, '10 ended', 10.0), ('25', 0.86, '5', 5.0), ('26', 0.64, '11', 11.0), ('27', 0.87, '13 episodes', 13.0), ('31', 0.82, '3 episodes', 3.0), ('33', 0.99, '10 episodes', 10.0), ('34', 0.96, '10', 10.0), ('35', 0.44, '4 Episode Release Guide News', 4.0), ('37', 0.42, 'nine episodes', 9.0), ('38', 0.89, '4 Episode 6', 4.0), ('40', 0.83, '4', 4.0), ('42', 0.42, '10 episodes', 10.0), ('44', 0.62, '5', 5.0)]",0,,,
8806,how many opm episodes are there,2,"[(24.0, 0.86), (12.0, 0.99), (2.0, 0.76), (2.0, 0.98), (2.0, 0.97), (2.0, 0.53), (4.0, 0.82), (2.0, 0.81), (2.0, 0.68), (2.0, 0.61), (2.0, 0.96)]","[('1', 0.86, '24 episodes', 24.0), ('2', 0.99, '12 episodes', 12.0), ('4', 0.76, '2 Seasons', 2.0), ('5', 0.98, '2', 2.0), ('7', 0.97, 'two seasons', 2.0), ('14', 0.53, 'Two seasons', 2.0), ('17', 0.82, 'four possibilities', 4.0), ('20', 0.4, '2', 2.0), ('31', 0.81, '2', 2.0), ('34', 0.68, '2', 2.0), ('35', 0.47, '2', 2.0), ('36', 0.61, 'Two', 2.0), ('42', 0.96, 'two Spider-Man', 2.0)]",0,,,
8817,how many orville episodes are there,14,"[(14.0, 0.98), (12.0, 0.94), (14.0, 0.98), (10.0, 0.98), (12.0, 0.77), (30.0, 0.57), (36.0, 0.7)]","[('3', 0.98, '14 episodes', 14.0), ('5', 0.94, '12 episodes', 12.0), ('6', 0.98, '14 episodes', 14.0), ('14', 0.98, '10 episodes', 10.0), ('19', 0.77, '12', 12.0), ('34', 0.46, '11', 11.0), ('37', 0.57, '30', 30.0), ('39', 0.7, '36 Metascore', 36.0)]",0,,,
8819,how many osmond brothers are still alive,9,"[(9.0, 0.98), (9.0, 0.98), (7.0, 0.57), (9.0, 0.96), (9.0, 0.93), (9.0, 0.9), (7.0, 0.96), (9.0, 0.96), (9.0, 0.79), (7.0, 0.54)]","[('0', 0.98, 'nine siblings', 9.0), ('2', 0.98, 'nine Osmonds', 9.0), ('8', 0.57, '7 brothers', 7.0), ('10', 0.96, 'nine children', 9.0), ('16', 0.93, 'nine children', 9.0), ('23', 0.9, 'nine siblings', 9.0), ('24', 0.96, '7 brothers', 7.0), ('25', 0.96, 'nine siblings', 9.0), ('27', 0.79, 'nine Osmonds', 9.0), ('32', 0.54, '7 brothers', 7.0)]",0,,,
8861,how many honda cbx were made,1000,"[(80.0, 0.89), (4434.0, 0.81), (1000.0, 0.66), (2014.0, 0.61)]","[('4', 0.89, '80 CBXs', 80.0), ('5', 0.81, '4434', 4434.0), ('15', 0.66, '1000', 1000.0), ('31', 0.61, '2014 model year', 2014.0)]",0,,,
8916,how many cases of cjd in uk,178,"[(178.0, 0.63)]","[('4', 0.63, '178 cases', 178.0)]",0,,,
8919,how many dwcra groups are there in india,119,"[(119.0, 0.97), (54.0, 0.94)]","[('2', 0.97, '119 DWCRA units', 119.0), ('10', 0.94, '54 DWCRA groups', 54.0)]",0,,,
8989,how many elton john albums are there,31,"[(31.0, 0.99), (12.0, 0.6)]","[('0', 0.99, '31 studio albums', 31.0), ('2', 0.6, '12', 12.0)]",0,,,
9200,how many gacha life youtubers are there,8,"[(8.0, 0.96), (20.0, 0.7)]","[('10', 0.96, '8 characters', 8.0), ('17', 0.7, '20', 20.0)]",0,,,
9741,how many students at liu post,9918,"[(15546.0, 0.98), (9918.0, 0.99), (6316.0, 0.86)]","[('0', 0.98, 'approximately 15,546', 15546.0), ('3', 0.99, '9,918', 9918.0), ('13', 0.86, '6,316', 6316.0)]",0,,,
9858,how many mcu movies is captain america in,4,"[(27.0, 0.97), (4.0, 0.74), (10.0, 0.98), (5.0, 0.54), (4.0, 0.85), (3.0, 0.62), (2.0, 0.97), (27.0, 0.91), (2.0, 0.94)]","[('1', 0.97, '27 MCU movies', 27.0), ('4', 0.74, 'four of the Avengers movies', 4.0), ('7', 0.44, '3-Movie Collection', 3.0), ('16', 0.98, '10 Marvel movies', 10.0), ('22', 0.32, '3 |', 3.0), ('26', 0.54, '5 DC Villains', 5.0), ('29', 0.85, '4 Captain', 4.0), ('36', 0.62, '3', 3.0), ('38', 0.97, 'two fight', 2.0), ('46', 0.91, '27 MCU Movies', 27.0), ('47', 0.94, 'two badass ladies', 2.0)]",0,,,
9871,how many mdrt in singapore,70,"[(70.0, 0.63)]","[('22', 0.63, '70 個國家/地區的 500 多間公司', 70.0)]",0,,,
9941,how many members does mnl48 have,23,"[(30.0, 0.99), (98.0, 0.9), (86.0, 0.74), (5.0, 0.8), (5.0, 0.63), (23.0, 0.92), (9.0, 0.9)]","[('1', 0.99, '30 members', 30.0), ('5', 0.9, '98 members', 98.0), ('9', 0.74, '86 members', 86.0), ('22', 0.8, '5 members', 5.0), ('24', 0.63, '5 member', 5.0), ('25', 0.38, '16 members', 16.0), ('28', 0.92, '23 members', 23.0), ('43', 0.9, '9 member', 9.0)]",0,,,
10282,how many positive cases in florida today,223783,"[(223783.0, 0.98)]","[('34', 0.98, '223,783', 223783.0)]",0,,,
10625,how many students at harvard,6755,"[(5227.0, 0.99), (6473.0, 0.99), (31655.0, 0.99), (6755.0, 0.99), (23731.0, 0.99), (31655.0, 0.99), (2056.0, 0.99), (57435.0, 0.66), (1990.0, 0.74)]","[('2', 0.99, '5,227', 5227.0), ('4', 0.99, '6,473', 6473.0), ('5', 0.99, 'approximately 31,655', 31655.0), ('10', 0.99, '6,755', 6755.0), ('22', 0.99, '23,731', 23731.0), ('24', 0.99, '31,655', 31655.0), ('30', 0.99, '2,056', 2056.0), ('32', 0.66, '57,435', 57435.0), ('46', 0.74, 'Approximately 1,990', 1990.0)]",0,,,
10822,how many ukrainian soldiers have died,1650000,"[(1650000.0, 0.8)]","[('30', 0.8, '1,650,000', 1650000.0)]",0,,,
10910,how many seats vba won in vidhan sabha,1,"[(1.0, 0.69), (60.0, 0.62)]","[('2', 0.69, 'one State', 1.0), ('14', 0.62, '60 B', 60.0), ('31', 0.45, '1 See answer', 1.0)]",0,,,
11116,how many confirmed cases of covid-19 in michigan,2516,"[(2032362.0, 0.99), (2516.0, 0.98), (53.0, 0.89), (45.0, 0.95), (10791.0, 0.99)]","[('6', 0.99, '2,032,362', 2032362.0), ('14', 0.98, '2,516', 2516.0), ('15', 0.89, '53', 53.0), ('18', 0.95, '45 cases', 45.0), ('19', 0.99, '10,791', 10791.0)]",0,,,
11439,how many govt schools in delhi,449,"[(449.0, 0.99)]","[('19', 0.99, '449 schools', 449.0)]",0,,,
11578,how many rick and morty episodes,10,"[(51.0, 0.98), (51.0, 0.99), (10.0, 0.99), (10.0, 0.99), (10.0, 0.93), (70.0, 0.97), (11.0, 0.67), (7.0, 0.78), (10.0, 0.87), (5.0, 0.51), (14.0, 0.95), (10.0, 0.97), (10.0, 0.99)]","[('0', 0.98, '51 episodes', 51.0), ('1', 0.99, '51 episodes', 51.0), ('3', 0.99, '10 episodes', 10.0), ('8', 0.42, '20 episodes into its 70-episode order', 20.0), ('8', 0.42, '20 episodes into its 70-episode order', 70.0), ('11', 0.99, '10 episodes', 10.0), ('15', 0.42, '20 episodes into its 70-episode order', 20.0), ('15', 0.42, '20 episodes into its 70-episode order', 70.0), ('16', 0.93, '10 Episodes', 10.0), ('17', 0.97, '70 episodes', 70.0), ('20', 0.67, '11-episode', 11.0), ('21', 0.78, 'seven', 7.0), ('22', 0.87, '10 episodes', 10.0), ('36', 0.51, '5', 5.0), ('37', 0.95, '14 Episodes', 14.0), ('41', 0.97, '10 episodes', 10.0), ('42', 0.33, '10 episodes', 10.0), ('44', 0.99, '10 episodes', 10.0)]",0,,,
10482,how many rss shakha in kerala,1355,"[(6845.0, 0.83), (5300.0, 0.91), (146.0, 0.98), (1355.0, 0.99)]","[('2', 0.83, '6,845', 6845.0), ('3', 0.91, '5300 daily shakhas', 5300.0), ('4', 0.98, '146 shakhas', 146.0), ('15', 0.99, '1,355', 1355.0), ('17', 0.49, '1275 Shakhas', 1275.0)]",0,,,
10483,how many rss workers killed in kerala,2016,"[(2016.0, 0.76), (286.0, 0.66)]","[('0', 0.76, '2016 list', 2016.0), ('8', 0.66, '286 RSS workers', 286.0)]",0,,,
9367,how many hospitals are in the united states,5100,"[(5100.0, 0.97)]","[('38', 0.97, 'about 5,100', 5100.0)]",0,,,
7414,how many gun owners in texas,1006555,"[(1400000.0, 0.96), (1006555.0, 0.98)]","[('0', 0.37, 'around 51 million firearms', 51000000.0), ('3', 0.96, 'nearly 1.4 million people', 1400000.0), ('4', 0.98, '1,006,555', 1006555.0)]",0,,,
10395,how many real estate agents in ohio,42371,"[(2511.0, 0.99), (50000.0, 0.97), (6140.0, 0.99), (42371.0, 0.95), (42682.0, 0.95), (46.0, 0.98), (47420.0, 0.77)]","[('1', 0.99, '2,511', 2511.0), ('2', 0.97, 'about 50,000', 50000.0), ('3', 0.99, '6,140', 6140.0), ('15', 0.95, '$42,371', 42371.0), ('27', 0.95, '$42,682', 42682.0), ('37', 0.98, '46 real estate agents', 46.0), ('40', 0.77, '$47,420', 47420.0)]",0,,,
9145,how many floors are in the white house,6,"[(4.0, 0.67), (4.0, 0.99), (6.0, 0.66), (6.0, 0.89), (4.0, 0.84), (3.0, 0.99), (6.0, 0.97), (6.0, 0.5), (6.0, 0.98), (6.0, 0.98), (6.0, 0.99)]","[('3', 0.67, 'four floors', 4.0), ('5', 0.99, '4', 4.0), ('6', 0.66, 'six stories', 6.0), ('14', 0.89, '6 levels', 6.0), ('17', 0.84, 'four floors', 4.0), ('18', 0.99, 'three floors', 3.0), ('19', 0.97, '6 levels', 6.0), ('22', 0.5, 'six stories', 6.0), ('25', 0.98, 'six floors', 6.0), ('31', 0.98, 'six floors', 6.0), ('34', 0.99, 'six floors', 6.0)]",,,,
9520,how many kayle in tft,5,"[(5.5, 0.52), (13.0, 0.94), (3.0, 0.64)]","[('2', 0.33, '5 min', 5.0), ('3', 0.52, '5.5 - Item build', 5.5), ('13', 0.94, '13 Kayles', 13.0), ('35', 0.64, '3 BM', 3.0)]",,,,
10801,how many ugg brands in australia,,[],[],,,,
9548,how many evolutions does kecleon have,,[],[],,,,
7685,how many abyssian exam pass,,[],[],,,,
9670,how many panchayat in kujang block,,[],[],,,,
10796,how many rashtriy udyan in india,,[],[],,,,
7881,how many azs in us-east-1,,[],[],,,,
8940,how many eating utensils are in the white house,12,"[(12.0, 0.73), (3.0, 0.58)]","[('30', 0.73, '12 people', 12.0), ('40', 0.58, 'Three Eating Utensils', 3.0)]",,,,
10481,how many rspca shelters are there in australia,,[],[],,,,
10587,how many trains does mrt have,,[],[],,,,
7496,how many nba players have coronavirus,302,"[(450.0, 0.79), (7.0, 0.98), (302.0, 0.76)]","[('8', 0.79, '450 or so NBA players', 450.0), ('22', 0.98, 'seven players', 7.0), ('28', 0.41, 'seven....', 7.0), ('36', 0.27, 'seven', 7.0), ('44', 0.76, '302 NBA players', 302.0)]",,,,
7895,how many bars are in milwaukee,,[],[],,,,
8092,how many restaurants does coke have,,[],[],,,,
8128,how many coke stocks are there,,[],[],,,,
8357,how many hygienists per dentist in virginia,,[],[],,,,
8652,how many nsli semifinalists are there,,[],[],,,,
8812,how many orphanages in the us,,[],[],,,,
9511,how many kaepernick shoes were sold,,[],[],,,,
10961,how many employees does vmc have,,[],[],,,,
10965,how many covid cases in houston,,[],[],,,,
11548,how many peugeot dealers are there in the uk,,[],[],,,,
9744,how many students attend liu brooklyn,,[],[],,,,
10830,how many artists does umg have,,[],[],,,,
7832,how many athletes does nike sponsor,,[],[],,,,
9067,how many employees does ewtn have,,[],[],,,,
7827,how many atb assist materia,4,"[(4.0, 0.72), (3.0, 0.81), (5.0, 0.88)]","[('30', 0.47, 'two ATB commands', 2.0), ('37', 0.72, 'four enemy skills', 4.0), ('41', 0.81, 'three if', 3.0), ('42', 0.88, '5', 5.0)]",,,,
