"qid","query","answer.default","answer_norm","answer_relation","answer_metric","comments","category","instances_req","qualifier_req","aggregate","prediction","cardinals","tf_answer","precision","correctness","std","relaxed_precision","equivalent","subgroups","unrelated","equivalent_ids","subgroups_ids","unrelated_ids"
2741,"how many students at liu post",15546,15546,"=",,,"education",1,1,"weighted",15546,"[(15546.0, 0.98)]","[('0', 0.98, 'approximately 15,546', 15546.0)]",1,1,,1,"[('0', 'approximately 15,546')]",,,,,
1696,"how many kv schools in haryana",56,56,"=",,,"education",1,1,"weighted",56,"[(56.0, 0.9), (44.0, 0.79), (1229.0, 0.91)]","[('0', 0.9, '56 KVS schools', 56.0), ('1', 0.79, '44 Kendriya Vidyalaya School', 44.0), ('9', 0.91, 'Nearly 1229 kv schools', 1229.0)]",1,1,680.72,1,"[('0', 0.9, '56 KVS schools', 56.0), ('1', 0.79, '44 Kendriya Vidyalaya School', 44.0)]","[]","[('9', 0.91, 'Nearly 1229 kv schools', 1229.0)]","[1]",,"[9]"
1804,"how many ophthalmology practices are there in the us",18500,18500,"=",,"multiple counts","health",1,1,"weighted",18500,"[(18500.0, 0.94), (23861.0, 0.73), (7000.0, 0.96)]","[('10', 0.94, 'about 18,500', 18500.0), ('11', 0.73, 'approximately 23,861', 23861.0), ('32', 0.96, 'about 7,000', 7000.0)]",1,1,8614.75,1,"[('10', 0.94, 'about 18,500', 18500.0), ('11', 0.73, 'approximately 23,861', 23861.0)]","[('32', 0.96, 'about 7,000', 7000.0)]","[]","[11]","[32]",
3022,"how many mvnos in the us",139,139,"=",,,"industry",1,1,"weighted",139,"[(36000000.0, 0.65), (139.0, 0.9), (4.0, 0.83), (139.0, 0.98), (113900000000.0, 0.9)]","[('2', 0.65, '36 million active subscribers', 36000000.0), ('4', 0.9, '139 MVNO brands', 139.0), ('9', 0.83, 'four major carriers', 4.0), ('19', 0.98, '139 MVNO brands', 139.0), ('26', 0.9, '113.9 billion', 113900000000.0)]",1,1,50933605959,1,"[('19', 0.98, '139 MVNO brands', 139.0), ('4', 0.9, '139 MVNO brands', 139.0)]","[('9', 0.83, 'four major carriers', 4.0)]","[('2', 0.65, '36 million active subscribers', 36000000.0), ('26', 0.9, '113.9 billion', 113900000000.0)]","[4]","[9]","[2,26]"
4298,"how many ikea's are in the us",52,52,"=",,,"organization",1,1,"weighted",52,"[(52.0, 0.95), (50.0, 0.66), (52.0, 0.52), (52.0, 0.93), (50.0, 0.67), (52.0, 0.78), (40.0, 0.95), (52.0, 0.95), (422.0, 0.63), (50.0, 0.87), (52.0, 0.78), (464.0, 0.84), (50.0, 0.89), (445.0, 0.68)]","[('0', 0.95, '52 IKEA locations', 52.0), ('1', 0.66, '50 IKEA locations', 50.0), ('2', 0.52, '52 IKEA locations', 52.0), ('3', 0.93, '52 IKEA locations', 52.0), ('4', 0.67, '50 IKEA locations', 50.0), ('5', 0.78, '52 IKEA locations', 52.0), ('6', 0.95, 'roughly 40 stores', 40.0), ('7', 0.95, '52 IKEA locations', 52.0), ('9', 0.63, '422 stores', 422.0), ('11', 0.87, '50 IKEA locations', 50.0), ('20', 0.78, '52 IKEA locations', 52.0), ('25', 0.84, '464 IKEA stores', 464.0), ('34', 0.89, '50 IKEA locations', 50.0), ('38', 0.68, '445 Ikea stores', 445.0)]",1,1,167.78,1,"[('0', 0.95, '52 IKEA locations', 52.0), ('7', 0.95, '52 IKEA locations', 52.0), ('3', 0.93, '52 IKEA locations', 52.0), ('5', 0.78, '52 IKEA locations', 52.0), ('20', 0.78, '52 IKEA locations', 52.0), ('2', 0.52, '52 IKEA locations', 52.0), ('1', 0.66, '50 IKEA locations', 50.0), ('4', 0.67, '50 IKEA locations', 50.0), ('6', 0.95, 'roughly 40 stores', 40.0), ('11', 0.87, '50 IKEA locations', 50.0), ('34', 0.89, '50 IKEA locations', 50.0)]","[]","[('9', 0.63, '422 stores', 422.0), ('25', 0.84, '464 IKEA stores', 464.0), ('38', 0.68, '445 Ikea stores', 445.0)]","[7,3,5,20,2,1,4,6,11,34]",,"[9,25,38]"
1653,"how many presidents named william",4,4,"=",,,"politics",1,1,"weighted",4,"[(4.0, 0.97), (4.0, 0.93), (6.0, 0.92), (4.0, 0.82), (4.0, 0.67), (6.0, 0.6), (4.0, 0.94)]","[('0', 0.97, 'Four', 4.0), ('2', 0.93, 'four-year term', 4.0), ('4', 0.92, 'Six U.S. presidents', 6.0), ('11', 0.82, '4 presidents', 4.0), ('23', 0.67, '4 Williams', 4.0), ('27', 0.39, 'Four presidents', 4.0), ('29', 0.6, 'six', 6.0), ('30', 0.42, 'Four different Black & Tan Coonhounds', 4.0), ('34', 0.94, '4 presidents', 4.0)]",1,1,0.98,1,"[('0', 0.97, 'Four', 4.0), ('34', 0.94, '4 presidents', 4.0), ('2', 0.93, 'four-year term', 4.0), ('11', 0.82, '4 presidents', 4.0), ('23', 0.67, '4 Williams', 4.0)]","[]","[('4', 0.92, 'Six U.S. presidents', 6.0), ('29', 0.6, 'six', 6.0)]","[34,11,23]",,"[2,4,29]"
2943,"how many seats mns won",1,1,"=",,,"politics",1,1,"weighted",1,"[(1.0, 0.98), (1.0, 0.55), (1.0, 0.62), (1.0, 0.84), (1.0, 0.96), (1.0, 0.98), (1.0, 0.99), (1.0, 0.99), (1.0, 0.99), (2.0, 0.93)]","[('0', 0.98, '1 seat', 1.0), ('1', 0.55, 'one.', 1.0), ('2', 0.62, 'one seat —', 1.0), ('4', 0.84, 'one seat', 1.0), ('11', 0.96, 'one seat', 1.0), ('17', 0.98, 'one seat', 1.0), ('25', 0.99, '1 seat', 1.0), ('26', 0.99, 'one seat', 1.0), ('27', 0.99, '1 seat', 1.0), ('34', 0.49, '1 of 12', 12.0), ('40', 0.93, '1 of 2', 2.0)]",1,1,0.32,1,"[('25', 0.99, '1 seat', 1.0), ('26', 0.99, 'one seat', 1.0), ('27', 0.99, '1 seat', 1.0), ('0', 0.98, '1 seat', 1.0), ('17', 0.98, 'one seat', 1.0), ('11', 0.96, 'one seat', 1.0), ('4', 0.84, 'one seat', 1.0), ('2', 0.62, 'one seat —', 1.0), ('1', 0.55, 'one.', 1.0)]","[]","[('40', 0.93, '1 of 2', 2.0)]","[26,27,0,17,11,4,2,1,40]",,
2622,"how many koch brothers",4,4,"=",,"instances available","social",1,1,"weighted",4,"[(4.0, 0.91), (4.0, 0.98), (4.0, 0.98), (4.0, 0.98)]","[('0', 0.91, 'four sons', 4.0), ('19', 0.98, 'four Koch brothers', 4.0), ('27', 0.98, 'four sons', 4.0), ('31', 0.98, 'four sons', 4.0)]",1,1,0,1,"[('19', 0.98, 'four Koch brothers', 4.0), ('27', 0.98, 'four sons', 4.0), ('31', 0.98, 'four sons', 4.0), ('0', 0.91, 'four sons', 4.0)]","[]","[]","[27,31,0]",,
3189,"how many nolan ryan rookie cards exist",132,132,"=",,,"sports",1,1,"weighted",132,"[(132.0, 0.98), (132.0, 0.98), (132.0, 0.86), (27.0, 0.98)]","[('12', 0.98, '132 cards', 132.0), ('14', 0.98, '132 cards', 132.0), ('24', 0.86, '132 cards', 132.0), ('39', 0.98, '27 cards', 27.0)]",1,1,52.5,1,"[('12', 0.98, '132 cards', 132.0), ('14', 0.98, '132 cards', 132.0), ('24', 0.86, '132 cards', 132.0)]","[('39', 0.98, '27 cards', 27.0)]","[]","[14,24]","[39]",
903,"how many big bazaar stores in india",259,259,"=",,,"organization",1,1,"weighted",250,"[(300.0, 0.65), (250.0, 0.98), (214.0, 0.93), (75.0, 0.94), (53.0, 0.56), (350.0, 0.96)]","[('1', 0.65, 'about 300+ stores', 300.0), ('5', 0.98, '250+ stores', 250.0), ('28', 0.93, '214 stores', 214.0), ('31', 0.94, '75 outlets', 75.0), ('34', 0.56, '53 standalone outlets', 53.0), ('45', 0.96, '350 stores', 350.0)]",0,0.97,120.11,1,"[('5', 0.98, '250+ stores', 250.0), ('1', 0.65, 'about 300+ stores', 300.0), ('28', 0.93, '214 stores', 214.0)]","[('31', 0.94, '75 outlets', 75.0), ('34', 0.56, '53 standalone outlets', 53.0)]","[('45', 0.96, '350 stores', 350.0)]","[1,28,45]","[31,34]",
2349,"how many hibbett sports stores are there",1082,1082,"=",,"from google KG","organization",1,1,"weighted",1067,"[(1000.0, 0.96), (1067.0, 0.98), (1067.0, 0.96)]","[('2', 0.96, '1000+ stores', 1000.0), ('16', 0.98, 'approximately 1,067', 1067.0), ('32', 0.96, 'approximately 1,067', 1067.0)]",0,0.99,38.68,1,"[('16', 0.98, 'approximately 1,067', 1067.0), ('32', 0.96, 'approximately 1,067', 1067.0), ('2', 0.96, '1000+ stores', 1000.0)]","[]","[]","[32,2]",,
481,"how many mayors in new york",110,110,"=",,"list available in wikipedia, time-bound","politics",1,1,"weighted",109,"[(109.0, 0.81)]","[('28', 0.81, '109 mayors', 109.0)]",0,0.99,,1,"[('28', '109 mayors')]",,,,,
3274,"how many population in texas","29M",29000000,"=",,"Time-bound","demography",0,1,"weighted",28000000,"[(28000000.0, 0.94), (29000000.0, 0.97), (26500000.0, 0.96)]","[('5', 0.94, 'almost 28 million', 28000000.0), ('10', 0.97, 'about 29 million people', 29000000.0), ('39', 0.96, 'approximately 26.5 million', 26500000.0)]",0,0.97,1258305.74,1,"[('5', 0.94, 'almost 28 million', 28000000.0), ('10', 0.97, 'about 29 million people', 29000000.0), ('39', 0.96, 'approximately 26.5 million', 26500000.0)]","[]","[]","[10,39]",,
3810,"how many uk citizens are there","67.88M",67880000,"=",,,"demography",0,1,"weighted",65599999,"[(66800000.0, 0.97), (65599999.99999999, 0.95), (3500000.0, 0.54)]","[('0', 0.97, 'estimated 66.8 million', 66800000.0), ('1', 0.95, '65.6 million', 65599999.99999999), ('7', 0.54, 'around 3.5 million EU citizens', 3500000.0)]",0,0.97,36204833.65,1,"[('1', 0.95, '65.6 million', 65599999.99999999), ('0', 0.97, 'estimated 66.8 million', 66800000.0)]","[('7', 0.54, 'around 3.5 million EU citizens', 3500000.0)]","[]","[0]","[7]",
2311,"how many students in gwinnett county schools","Over 188,000",188000,"=",,,"education",0,1,"weighted",180000,"[(180000.0, 0.97)]","[('33', 0.97, 'about 180,000', 180000.0)]",0,0.96,,1,"[('33', 'about 180,000')]",,,,,
4439,"how many govt schools in delhi",2400,2400,"=",,,"education",1,1,"weighted",449,"[(449.0, 0.99)]","[('19', 0.99, '449 schools', 449.0)]",0,0.19,,0,"[('19', '449 schools')]",,,,,
3625,"how many students at harvard",23731,23731,"=",,,"education",1,1,"weighted",31655,"[(31655.0, 0.99), (1990.0, 0.74)]","[('5', 0.99, 'approximately 31,655', 31655.0), ('46', 0.74, 'Approximately 1,990', 1990.0)]",0,0.75,20976.32,0,"[('5', 0.99, 'approximately 31,655', 31655.0)]","[('46', 0.74, 'Approximately 1,990', 1990.0)]","[]",,,
1819,"how many osmond brothers are still alive",2,2,"=",,"Count not available, instances helpful","entertainment",1,1,"weighted",9,"[(9.0, 0.98), (9.0, 0.98), (7.0, 0.57), (9.0, 0.96), (9.0, 0.93), (9.0, 0.9), (7.0, 0.96), (9.0, 0.96), (9.0, 0.79), (7.0, 0.54)]","[('0', 0.98, 'nine siblings', 9.0), ('2', 0.98, 'nine Osmonds', 9.0), ('8', 0.57, '7 brothers', 7.0), ('10', 0.96, 'nine children', 9.0), ('16', 0.93, 'nine children', 9.0), ('23', 0.9, 'nine siblings', 9.0), ('24', 0.96, '7 brothers', 7.0), ('25', 0.96, 'nine siblings', 9.0), ('27', 0.79, 'nine Osmonds', 9.0), ('32', 0.54, '7 brothers', 7.0)]",0,0.22,0.97,0,"[('0', 0.98, 'nine siblings', 9.0), ('2', 0.98, 'nine Osmonds', 9.0), ('10', 0.96, 'nine children', 9.0), ('25', 0.96, 'nine siblings', 9.0), ('16', 0.93, 'nine children', 9.0), ('23', 0.9, 'nine siblings', 9.0), ('27', 0.79, 'nine Osmonds', 9.0), ('8', 0.57, '7 brothers', 7.0), ('24', 0.96, '7 brothers', 7.0), ('32', 0.54, '7 brothers', 7.0)]","[]","[]",,,
1817,"how many orville episodes are there",26,26,"=",,"In google KG ","entertainment",1,1,"weighted",14,"[(14.0, 0.98), (12.0, 0.94), (14.0, 0.98), (10.0, 0.98), (36.0, 0.7)]","[('3', 0.98, '14 episodes', 14.0), ('5', 0.94, '12 episodes', 12.0), ('6', 0.98, '14 episodes', 14.0), ('14', 0.98, '10 episodes', 10.0), ('39', 0.7, '36 Metascore', 36.0)]",0,0.54,10.64,0,"[('3', 0.98, '14 episodes', 14.0), ('6', 0.98, '14 episodes', 14.0), ('5', 0.94, '12 episodes', 12.0), ('14', 0.98, '10 episodes', 10.0)]","[]","[('39', 0.7, '36 Metascore', 36.0)]",,,
2200,"how many gacha life youtubers are there",146,146,"=",,"Time-bound","entertainment",1,1,"weighted",8,"[(8.0, 0.96)]","[('10', 0.96, '8 characters', 8.0)]",0,0.05,,0,"[('10', '8 characters')]",,,,,
1989,"how many elton john albums are there",79,79,"=",,"aggregation not available, list of album categories with counts available","entertainment",1,1,"weighted",31,"[(31.0, 0.99)]","[('0', 0.99, '31 studio albums', 31.0)]",0,0.39,,0,"[('0', '31 studio albums')]",,,,,
3217,"how many peter pan movies are there",5,5,"=",,"has semantic qualifiers, adaptaion vs series","entertainment",1,1,"weighted",6,"[(6.0, 0.9), (1000.0, 0.87)]","[('1', 0.9, 'six films', 6.0), ('2', 0.87, '1000 peter pan movies', 1000.0)]",0,0.83,702.86,0,"[('1', 0.9, 'six films', 6.0)]","[]","[('2', 0.87, '1000 peter pan movies', 1000.0)]",,,
1806,"how many opm episodes are there",24,24,"=",,,"entertainment",1,1,"weighted",2,"[(24.0, 0.86), (12.0, 0.99), (2.0, 0.76), (2.0, 0.97), (2.0, 0.53), (4.0, 0.82), (2.0, 0.61), (2.0, 0.96)]","[('1', 0.86, '24 episodes', 24.0), ('2', 0.99, '12 episodes', 12.0), ('4', 0.76, '2 Seasons', 2.0), ('7', 0.97, 'two seasons', 2.0), ('14', 0.53, 'Two seasons', 2.0), ('17', 0.82, 'four possibilities', 4.0), ('36', 0.61, 'Two', 2.0), ('42', 0.96, 'two Spider-Man', 2.0)]",0,0.08,7.96,0,"[('7', 0.97, 'two seasons', 2.0), ('42', 0.96, 'two Spider-Man', 2.0), ('4', 0.76, '2 Seasons', 2.0), ('36', 0.61, 'Two', 2.0), ('14', 0.53, 'Two seasons', 2.0)]","[]","[('1', 0.86, '24 episodes', 24.0), ('2', 0.99, '12 episodes', 12.0), ('17', 0.82, 'four possibilities', 4.0)]",,,
4578,"how many rick and morty episodes",51,51,"=",,,"entertainment",1,1,"weighted",10,"[(51.0, 0.98), (51.0, 0.99), (10.0, 0.99), (10.0, 0.99), (10.0, 0.93), (70.0, 0.97), (11.0, 0.67), (7.0, 0.78), (10.0, 0.87), (14.0, 0.95), (10.0, 0.97), (10.0, 0.99)]","[('0', 0.98, '51 episodes', 51.0), ('1', 0.99, '51 episodes', 51.0), ('3', 0.99, '10 episodes', 10.0), ('8', 0.42, '20 episodes into its 70-episode order', 20.0), ('8', 0.42, '20 episodes into its 70-episode order', 70.0), ('11', 0.99, '10 episodes', 10.0), ('15', 0.42, '20 episodes into its 70-episode order', 20.0), ('15', 0.42, '20 episodes into its 70-episode order', 70.0), ('16', 0.93, '10 Episodes', 10.0), ('17', 0.97, '70 episodes', 70.0), ('20', 0.67, '11-episode', 11.0), ('21', 0.78, 'seven', 7.0), ('22', 0.87, '10 episodes', 10.0), ('37', 0.95, '14 Episodes', 14.0), ('41', 0.97, '10 episodes', 10.0), ('42', 0.33, '10 episodes', 10.0), ('44', 0.99, '10 episodes', 10.0)]",0,0.2,21.87,0,"[('3', 0.99, '10 episodes', 10.0), ('11', 0.99, '10 episodes', 10.0), ('44', 0.99, '10 episodes', 10.0), ('41', 0.97, '10 episodes', 10.0), ('16', 0.93, '10 Episodes', 10.0), ('22', 0.87, '10 episodes', 10.0), ('20', 0.67, '11-episode', 11.0), ('21', 0.78, 'seven', 7.0)]","[]","[('0', 0.98, '51 episodes', 51.0), ('1', 0.99, '51 episodes', 51.0), ('17', 0.97, '70 episodes', 70.0), ('37', 0.95, '14 Episodes', 14.0)]",,,
2858,"how many mcu movies is captain america in",11,11,"=",,,"entertainment",1,1,"weighted",4,"[(27.0, 0.97), (4.0, 0.74), (10.0, 0.98), (5.0, 0.54), (4.0, 0.85), (2.0, 0.97), (27.0, 0.91), (2.0, 0.94)]","[('1', 0.97, '27 MCU movies', 27.0), ('4', 0.74, 'four of the Avengers movies', 4.0), ('7', 0.44, '3-Movie Collection', 3.0), ('16', 0.98, '10 Marvel movies', 10.0), ('22', 0.32, '3 |', 3.0), ('26', 0.54, '5 DC Villains', 5.0), ('29', 0.85, '4 Captain', 4.0), ('38', 0.97, 'two fight', 2.0), ('46', 0.91, '27 MCU Movies', 27.0), ('47', 0.94, 'two badass ladies', 2.0)]",0,0.36,10.71,0,"[('29', 0.85, '4 Captain', 4.0), ('4', 0.74, 'four of the Avengers movies', 4.0), ('26', 0.54, '5 DC Villains', 5.0), ('38', 0.97, 'two fight', 2.0), ('47', 0.94, 'two badass ladies', 2.0)]","[]","[('1', 0.97, '27 MCU movies', 27.0), ('16', 0.98, '10 Marvel movies', 10.0), ('46', 0.91, '27 MCU Movies', 27.0)]",,,
685,"how many abyssian exam pass",5,5,"=",,,"entertainment",1,0,"weighted",,"[]","[]",0,,,0,,,,,,
1758,"how many episodes of handmaid's tale",46,46,"=",,,"entertainment",1,1,"weighted",10,"[(46.0, 0.99), (10.0, 0.99), (13.0, 0.95), (13.0, 0.95), (13.0, 0.98), (10.0, 0.96), (10.0, 0.76), (5.0, 0.91), (10.0, 0.99), (8.0, 0.99), (10.0, 0.85), (10.0, 0.96), (13.0, 0.87), (3.0, 0.82), (10.0, 0.99), (4.0, 0.89)]","[('0', 0.99, '46 episodes', 46.0), ('1', 0.99, '10 episodes', 10.0), ('2', 0.37, '5. Seasons 1 and 4 each had 10 episodes', 5.0), ('2', 0.37, '5. Seasons 1 and 4 each had 10 episodes', 1.0), ('2', 0.37, '5. Seasons 1 and 4 each had 10 episodes', 10.0), ('4', 0.95, '13 episodes', 13.0), ('8', 0.39, ""four of The Handmaid's Tale"", 4.0), ('13', 0.95, '13 episodes', 13.0), ('15', 0.98, '13 episodes', 13.0), ('16', 0.96, '10 episodes', 10.0), ('17', 0.76, '10 episodes', 10.0), ('19', 0.91, '5 release date', 5.0), ('20', 0.99, '10 episodes', 10.0), ('21', 0.99, 'eight episodes', 8.0), ('22', 0.85, '10 episodes', 10.0), ('24', 0.96, '10 ended', 10.0), ('27', 0.87, '13 episodes', 13.0), ('31', 0.82, '3 episodes', 3.0), ('33', 0.99, '10 episodes', 10.0), ('35', 0.44, '4 Episode Release Guide News', 4.0), ('37', 0.42, 'nine episodes', 9.0), ('38', 0.89, '4 Episode 6', 4.0), ('42', 0.42, '10 episodes', 10.0)]",0,0.22,9.65,0,"[('1', 0.99, '10 episodes', 10.0), ('20', 0.99, '10 episodes', 10.0), ('33', 0.99, '10 episodes', 10.0), ('16', 0.96, '10 episodes', 10.0), ('24', 0.96, '10 ended', 10.0), ('22', 0.85, '10 episodes', 10.0), ('17', 0.76, '10 episodes', 10.0), ('4', 0.95, '13 episodes', 13.0), ('13', 0.95, '13 episodes', 13.0), ('15', 0.98, '13 episodes', 13.0), ('21', 0.99, 'eight episodes', 8.0), ('27', 0.87, '13 episodes', 13.0)]","[('19', 0.91, '5 release date', 5.0), ('31', 0.82, '3 episodes', 3.0), ('38', 0.89, '4 Episode 6', 4.0)]","[('0', 0.99, '46 episodes', 46.0)]",,,
2941,"how many members does mnl48 have",45,45,"=",,,"entertainment",1,1,"weighted",23,"[(30.0, 0.99), (98.0, 0.9), (86.0, 0.74), (5.0, 0.8), (5.0, 0.63), (23.0, 0.92), (9.0, 0.9)]","[('1', 0.99, '30 members', 30.0), ('5', 0.9, '98 members', 98.0), ('9', 0.74, '86 members', 86.0), ('22', 0.8, '5 members', 5.0), ('24', 0.63, '5 member', 5.0), ('25', 0.38, '16 members', 16.0), ('28', 0.92, '23 members', 23.0), ('43', 0.9, '9 member', 9.0)]",0,0.51,39.15,0,"[('28', 0.92, '23 members', 23.0)]","[('22', 0.8, '5 members', 5.0), ('24', 0.63, '5 member', 5.0), ('43', 0.9, '9 member', 9.0)]","[('1', 0.99, '30 members', 30.0), ('5', 0.9, '98 members', 98.0), ('9', 0.74, '86 members', 86.0)]",,,
351,"how many albums does eminem have",16,16,"=",,"multiple counts for semantic qualifiers","entertainment",1,1,"weighted",11,"[(11.0, 0.97), (49100000.0, 0.65), (11.0, 0.98), (7.0, 0.97), (10.0, 0.98), (19.0, 0.96), (16.0, 0.98)]","[('3', 0.97, '11 albums', 11.0), ('4', 0.65, '49.1 million albums', 49100000.0), ('8', 0.98, '11 albums', 11.0), ('10', 0.97, '7 albums', 7.0), ('11', 0.98, '10 studio albums', 10.0), ('12', 0.96, '19 albums', 19.0), ('22', 0.98, 'sixteen albums', 16.0)]",0,0.69,18558050.96,0,"[('8', 0.98, '11 albums', 11.0), ('3', 0.97, '11 albums', 11.0), ('10', 0.97, '7 albums', 7.0), ('11', 0.98, '10 studio albums', 10.0)]","[]","[('4', 0.65, '49.1 million albums', 49100000.0), ('12', 0.96, '19 albums', 19.0), ('22', 0.98, 'sixteen albums', 16.0)]",,,
3796,"how many rashtriy udyan in india",104,104,"=",,"list available, time-bound","geography",1,1,"weighted",,"[]","[]",0,,,0,,,,,,
1254,"how many dhq in pakistan",34,34,"=",,,"health",1,1,"weighted",,"[]","[]",0,,,0,,,,,,
1916,"how many cases of cjd in uk",65,65,"=",,"Time-bound, muliple counts by year","health",1,1,"weighted",178,"[(178.0, 0.63)]","[('4', 0.63, '178 cases', 178.0)]",0,0.37,,0,"[('4', '178 cases')]",,,,,
2871,"how many mdrt in singapore",4876,4876,"=",,"Not available in result snippet. https://www.mdrt.org/globalassets/2-2021-top-10-countries-by-members.pdf","organization",1,1,"weighted",70,"[(70.0, 0.63)]","[('22', 0.63, '70 個國家/地區的 500 多間公司', 70.0)]",0,0.01,,0,"[('22', '70 個國家/地區的 500 多間公司')]",,,,,
1160,"how many crm companies are there",73,73,"=",,"instances In wikipedia, counts are not available","industry",1,1,"weighted",379,"[(300.0, 0.6), (379.0, 0.52), (40500.0, 0.87)]","[('14', 0.6, '300 CRM software companies', 300.0), ('18', 0.52, '379 CRM systems', 379.0), ('20', 0.87, 'Approximately 40,500', 40500.0)]",0,0.19,23186.71,0,"[('18', 0.52, '379 CRM systems', 379.0), ('14', 0.6, '300 CRM software companies', 300.0)]","[]","[('20', 0.87, 'Approximately 40,500', 40500.0)]",,,
1119,"how many cng pump in gorakhpur",21,21,"=",,,"industry",1,1,"weighted",2,"[(2.0, 0.71)]","[('24', 0.71, 'two CNG pumps', 2.0), ('42', 0.45, '2 CNG Pumps', 2.0)]",0,0.1,,0,"[('24', 'two CNG pumps')]",,,,,
895,"how many bars are in milwaukee",3043,3043,"=",,,"industry",1,1,"weighted",,"[]","[]",0,,,0,,,,,,
4548,"how many peugeot dealers are there in the uk",179,179,"=",,"old number","industry",1,1,"weighted",,"[]","[]",0,,,0,,,,,,
1798,"how many onomatopoeia in japanese",1000,1000,"=",,,"language",1,1,"weighted",5,"[(5.0, 0.6), (5.0, 0.58), (50.0, 0.95)]","[('0', 0.6, 'five types', 5.0), ('1', 0.58, 'five main types', 5.0), ('26', 0.95, 'fifty sounds', 50.0)]",0,0.01,25.98,0,"[('0', 0.6, 'five types', 5.0), ('1', 0.58, 'five main types', 5.0)]","[]","[('26', 0.95, 'fifty sounds', 50.0)]",,,
1413,"how many ied attacks in afghanistan",21637,21637,"=",,"Time-bound","news",1,1,"weighted",170,"[(26.0, 0.52), (183.0, 0.52), (170.0, 0.52)]","[('4', 0.52, '26 August 2021, at 17:50 local time (13:20 UTC), during the evacuation from Afghanistan. At least 183 people were killed, including 170 Afghan civilians', 26.0), ('4', 0.52, '26 August 2021, at 17:50 local time (13:20 UTC), during the evacuation from Afghanistan. At least 183 people were killed, including 170 Afghan civilians', 183.0), ('4', 0.52, '26 August 2021, at 17:50 local time (13:20 UTC), during the evacuation from Afghanistan. At least 183 people were killed, including 170 Afghan civilians', 170.0)]",0,0.01,87.13,0,"[('4', 0.52, '26 August 2021, at 17:50 local time (13:20 UTC), during the evacuation from Afghanistan. At least 183 people were killed, including 170 Afghan civilians', 170.0), ('4', 0.52, '26 August 2021, at 17:50 local time (13:20 UTC), during the evacuation from Afghanistan. At least 183 people were killed, including 170 Afghan civilians', 183.0)]","[('4', 0.52, '26 August 2021, at 17:50 local time (13:20 UTC), during the evacuation from Afghanistan. At least 183 people were killed, including 170 Afghan civilians', 26.0)]","[]",,,
230,"how many homicides in milwaukee 2019",98,98,"=",,,"news",1,0,"weighted",189,"[(190.0, 0.93), (97.0, 0.97), (190.0, 0.52), (189.0, 0.97), (97.0, 0.82), (155.0, 0.59), (190.0, 0.97), (189.0, 0.98), (189.0, 0.96), (147.0, 0.55), (167.0, 0.6)]","[('10', 0.93, '190 homicides', 190.0), ('11', 0.97, '97 homicides', 97.0), ('16', 0.52, '190 homicides', 190.0), ('17', 0.97, '189 homicides', 189.0), ('18', 0.82, '97 homicides', 97.0), ('22', 0.59, '155 homicides', 155.0), ('24', 0.97, '190 homicides', 190.0), ('29', 0.98, '189 homicides', 189.0), ('31', 0.96, '189 homicides', 189.0), ('34', 0.55, '147 murders', 147.0), ('39', 0.6, '167 gun-related murders', 167.0)]",0,0.52,36.41,0,"[('29', 0.98, '189 homicides', 189.0), ('17', 0.97, '189 homicides', 189.0), ('31', 0.96, '189 homicides', 189.0), ('10', 0.93, '190 homicides', 190.0), ('16', 0.52, '190 homicides', 190.0), ('22', 0.59, '155 homicides', 155.0), ('24', 0.97, '190 homicides', 190.0), ('34', 0.55, '147 murders', 147.0), ('39', 0.6, '167 gun-related murders', 167.0)]","[('11', 0.97, '97 homicides', 97.0), ('18', 0.82, '97 homicides', 97.0)]","[]",,,
1092,"how many restaurants does coke have",,,"=",,"instances (costa coffee) may be helpful, count unavailable","industry",1,1,"weighted",,"[]","[]",0,,,0,,,,,,
3801,"how many ugg brands in australia",,,"=",,"different user intent-fake brands","organization",1,0,"weighted",,"[]","[]",0,,,0,,,,,,
3325,"how many pwc offices in australia",9,9,"=",,"by entities, no counts","organization",1,0,"weighted",,"[]","[]",0,,,0,,,,,,
3439,"how many rixos in dubai",4,4,"=",,,"organization",1,0,"weighted",414,"[(414.0, 0.67)]","[('0', 0.67, '414 stylish rooms', 414.0), ('21', 0.33, '17 kilometres', 17.0)]",0,0.01,,0,"[('0', '414 stylish rooms')]",,,,,
1379,"how many ibis hotels in paris",50,50,"=",,,"organization",1,0,"weighted",100,"[(55.0, 0.93), (100.0, 0.95), (100.0, 0.71)]","[('3', 0.93, '55 Ibis Hotels', 55.0), ('8', 0.95, '100 hotels', 100.0), ('9', 0.71, '100 hotels', 100.0)]",0,0.5,25.98,0,"[('8', 0.95, '100 hotels', 100.0), ('9', 0.71, '100 hotels', 100.0)]","[('3', 0.93, '55 Ibis Hotels', 55.0)]","[]",,,
222,"how many fbi agents are there 2020",13233,13233,"=",,,"organization",1,1,"weighted",48,"[(5.0, 0.69), (48.0, 0.88), (900.0, 0.79)]","[('4', 0.69, 'five major types', 5.0), ('17', 0.88, '48 positions', 48.0), ('20', 0.44, '56 field offices', 56.0), ('24', 0.79, 'some 900 individuals', 900.0)]",0,0,504.77,0,"[('17', 0.88, '48 positions', 48.0)]","[('4', 0.69, 'five major types', 5.0)]","[('24', 0.79, 'some 900 individuals', 900.0)]",,,
2670,"how many panchayat in kujang block",1,1,"=",,"no count available, instance will be helpful","politics",1,1,"weighted",,"[]","[]",0,,,0,,,,,,
1152,"how many cpm mla in west bengal",26,26,"=",,"count unavailable, instances may be helpful, time-bound","politics",1,1,"weighted",60,"[(60.0, 0.68)]","[('4', 0.44, '136 of the total 294 seats', 136.0), ('32', 0.68, 'nearly 60 seats', 60.0)]",0,0.43,,0,"[('32', 'nearly 60 seats')]",,,,,
234,"how many seats jsp won in 2019",1,1,"=",,,"politics",1,1,"weighted",175,"[(1.0, 0.81), (175.0, 0.94), (230.0, 0.58)]","[('1', 0.81, 'one seat', 1.0), ('2', 0.94, '175 Assembly seats', 175.0), ('14', 0.58, '230-seat parliament', 230.0)]",0,0.01,119.54,0,"[('2', 0.94, '175 Assembly seats', 175.0)]","[('1', 0.81, 'one seat', 1.0)]","[('14', 0.58, '230-seat parliament', 230.0)]",,,
3910,"how many seats vba won in vidhan sabha",0,0,"=",,,"politics",1,1,"weighted",1,"[(1.0, 0.69), (60.0, 0.62)]","[('2', 0.69, 'one State', 1.0), ('14', 0.62, '60 B', 60.0), ('31', 0.45, '1 See answer', 1.0)]",0,0,41.72,0,"[('2', 0.69, 'one State', 1.0)]","[]","[('14', 0.62, '60 B', 60.0)]",,,
1652,"how many nsli semifinalists are there","200-300",200,"=",,"range, only approx","politics",1,0,"weighted",,"[]","[]",0,,,0,,,,,,
1294,"how many dnc members are there",200,200,"=",,,"politics",1,1,"weighted",535,"[(168.0, 0.51), (535.0, 0.93)]","[('3', 0.51, '168 members', 168.0), ('44', 0.93, '535 members', 535.0)]",0,0.37,259.51,0,"[('44', 0.93, '535 members', 535.0)]","[('3', 0.51, '168 members', 168.0)]","[]",,,
3481,"how many rspca shelters are there in australia",15,15,"=",,"Difficult, aggregated answer not available, individual member shelters from wikipedia page","social",1,1,"weighted",,"[]","[]",0,,,0,,,,,,
1919,"how many dwcra groups are there in india","million of groups",1000000,"=",,"not enough information","social",1,1,"weighted",119,"[(119.0, 0.97), (54.0, 0.94)]","[('2', 0.97, '119 DWCRA units', 119.0), ('10', 0.94, '54 DWCRA groups', 54.0)]",0,0,45.96,0,"[('2', 0.97, '119 DWCRA units', 119.0)]","[('10', 0.94, '54 DWCRA groups', 54.0)]","[]",,,
1746,"how many odf states in india",7,7,"=",,"no authoratative site","social",1,1,"weighted",28,"[(28.0, 0.98), (28.0, 0.98), (28.0, 0.99), (28.0, 0.97), (37.0, 0.76), (28.0, 0.98), (28.0, 0.98), (28.0, 0.93), (29.0, 0.94), (29.0, 0.98), (28.0, 0.99), (28.0, 0.98), (28.0, 0.99), (28.0, 0.89), (28.0, 0.89), (28.0, 0.98), (28.0, 0.95), (28.0, 0.99), (17.0, 0.65), (29.0, 0.98), (28.0, 0.99), (31.0, 0.54)]","[('0', 0.98, '28 States', 28.0), ('1', 0.98, '28 states', 28.0), ('3', 0.99, '28 states', 28.0), ('4', 0.97, '28 states', 28.0), ('5', 0.76, '37 States', 37.0), ('6', 0.98, '28 states', 28.0), ('7', 0.98, '28 states', 28.0), ('8', 0.93, '28 states', 28.0), ('10', 0.94, '29 Indian states', 29.0), ('12', 0.98, '29 states', 29.0), ('13', 0.99, '28 states', 28.0), ('15', 0.98, '28 states', 28.0), ('16', 0.99, '28 states', 28.0), ('17', 0.89, '28 states', 28.0), ('18', 0.89, '28 states', 28.0), ('19', 0.98, '28 States', 28.0), ('21', 0.95, '28 states', 28.0), ('23', 0.99, '28 states', 28.0), ('26', 0.65, '17 countries', 17.0), ('28', 0.98, '29 states', 29.0), ('34', 0.99, '28 states', 28.0), ('40', 0.54, '31 states', 31.0)]",0,0.25,3.19,0,"[('3', 0.99, '28 states', 28.0), ('13', 0.99, '28 states', 28.0), ('16', 0.99, '28 states', 28.0), ('23', 0.99, '28 states', 28.0), ('34', 0.99, '28 states', 28.0), ('0', 0.98, '28 States', 28.0), ('1', 0.98, '28 states', 28.0), ('6', 0.98, '28 states', 28.0), ('7', 0.98, '28 states', 28.0), ('15', 0.98, '28 states', 28.0), ('19', 0.98, '28 States', 28.0), ('4', 0.97, '28 states', 28.0), ('21', 0.95, '28 states', 28.0), ('8', 0.93, '28 states', 28.0), ('17', 0.89, '28 states', 28.0), ('18', 0.89, '28 states', 28.0), ('10', 0.94, '29 Indian states', 29.0), ('12', 0.98, '29 states', 29.0), ('28', 0.98, '29 states', 29.0), ('40', 0.54, '31 states', 31.0)]","[('26', 0.65, '17 countries', 17.0)]","[('5', 0.76, '37 States', 37.0)]",,,
1812,"how many orphanages in the us",0,0,"=",,,"social",1,1,"weighted",,"[]","[]",0,,,0,,,,,,
1633,"how many nri in canada","1.78M",1780000,"=",,"Time-bound","demography",0,1,"weighted",,"[]","[]",0,,,0,,,,,,
1075,"how many cajuns in louisiana",815259,815259,"=",,,"demography",0,1,"weighted",1000000,"[(1000000.0, 0.93)]","[('35', 0.93, 'nearly 1 million Cajuns', 1000000.0)]",0,0.82,,0,"[('35', 'nearly 1 million Cajuns')]",,,,,
1357,"how many hygienists per dentist in virginia",3,3,"=",,,"demography",0,1,"weighted",,"[]","[]",0,,,0,,,,,,
176,"how many dbqs are on the apush exam 2020",1,1,"=",,,"education",0,1,"weighted",5,"[(5.0, 0.81), (5.0, 0.97), (9.0, 0.82), (5.0, 0.53), (5.0, 0.98), (5.0, 0.92), (5.0, 0.98)]","[('10', 0.81, 'five', 5.0), ('17', 0.97, 'five documents', 5.0), ('20', 0.82, 'nine units', 9.0), ('30', 0.53, '5 document', 5.0), ('33', 0.98, 'five documents', 5.0), ('40', 0.49, 'seven 5-document DBQs', 7.0), ('42', 0.92, 'five documents', 5.0), ('44', 0.98, 'five documents', 5.0)]",0,0.2,1.51,0,"[('33', 0.98, 'five documents', 5.0), ('44', 0.98, 'five documents', 5.0), ('17', 0.97, 'five documents', 5.0), ('42', 0.92, 'five documents', 5.0), ('10', 0.81, 'five', 5.0), ('30', 0.53, '5 document', 5.0)]","[]","[('20', 0.82, 'nine units', 9.0)]",,,
4116,"how many confirmed cases of covid-19 in michigan","2.33M",2330000,"=",,"Time-bound","health",0,1,"weighted",45,"[(45.0, 0.95)]","[('18', 0.95, '45 cases', 45.0)]",0,0,,0,"[('18', '45 cases')]",,,,,
1174,"how many cases of corona in ohio","2.63M",2630000,"=",,"Time-bound","health",0,1,"weighted",,"[]","[]",0,,,0,,,,,,
3965,"how many covid cases in houston","6.47M",6470000,"=",,"Time-bound","health",0,1,"weighted",,"[]","[]",0,,,0,,,,,,
3282,"how many positive cases in florida today","5.75M",5750000,"=",,"Time-bound","health",0,1,"weighted",,"[]","[]",0,,,0,,,,,,
1861,"how many honda cbx were made","Around 41000",41000,"=",,"one serac result answer, without aggregation","industry",0,1,"weighted",80,"[(80.0, 0.89), (2014.0, 0.61)]","[('4', 0.89, '80 CBXs', 80.0), ('31', 0.61, '2014 model year', 2014.0)]",0,0,1367.54,0,"[('4', 0.89, '80 CBXs', 80.0)]","[]","[('31', 0.61, '2014 model year', 2014.0)]",,,
650,"how many jeep yj were made",557412,557412,"=",,,"industry",0,1,"weighted",,"[]","[]",0,,,0,,,,,,
265,"how many ppv buys for ufc 250",90000,90000,"=",,,"industry",0,1,"weighted",1650000,"[(1650000.0, 0.88), (2400000.0, 0.97), (1500000.0, 0.58)]","[('4', 0.88, '1.65 million pay-per-view buys', 1650000.0), ('17', 0.97, '2.4 million buys', 2400000.0), ('28', 0.58, '1.5 million PPV buys', 1500000.0)]",0,0.05,482182.54,0,"[('4', 0.88, '1.65 million pay-per-view buys', 1650000.0), ('28', 0.58, '1.5 million PPV buys', 1500000.0)]","[]","[('17', 0.97, '2.4 million buys', 2400000.0)]",,,
3961,"how many employees does vmc have",108,108,"=",,,"organization",0,1,"weighted",,"[]","[]",0,,,0,,,,,,
881,"how many azs in us-east-1",6,6,"=",,,"organization",0,1,"weighted",,"[]","[]",0,,,0,,,,,,
3587,"how many trains does mrt have",579,579,"=",,,"industry",0,1,"weighted",,"[]","[]",0,,,0,,,,,,
3822,"how many ukrainian soldiers have died",4629,4629,"=",,"ambigous, multiple counts","politics",0,1,"weighted",,"[]","[]",0,,,0,,,,,,
2511,"how many kaepernick shoes were sold",,,"=",,"Non-entity","other",,,"weighted",,"[]","[]",0,,,0,,,,,,
1205,"mamy czas",,,"=",,"Invalid question","other",,,"weighted",,"[]","[]",0,,,0,,,,,,
1128,"how many coke stocks are there",,,"=",,"Non-entity.","other",,,"weighted",,"[]","[]",0,,,0,,,,,,
724,"how many shares of ahbeesee were sold",,,"=",,"Non-entity","other",,,"weighted",,"[]","[]",0,,,0,,,,,,
1507,"how many irelands can fit in texas",,,"=",,"not count related","other",,,"weighted",,"[]","[]",0,,,0,,,,,,
2688,"how many kyber to stake",,,"=",,"Non-entity","other",,,"weighted",,"[]","[]",0,,,0,,,,,,
1629,"how many times nrc in india",,,"=",,"Non-entity","other",,,"weighted",,"[]","[]",0,,,0,,,,,,
496,"how many nba players have coronavirus",,,"=",,"has entities, multiple counts, time-bound","sports",1,1,"weighted",302,"[(450.0, 0.79), (7.0, 0.98), (302.0, 0.76)]","[('8', 0.79, '450 or so NBA players', 450.0), ('22', 0.98, 'seven players', 7.0), ('28', 0.41, 'seven....', 7.0), ('36', 0.27, 'seven', 7.0), ('44', 0.76, '302 NBA players', 302.0)]",,,225.53,0,"[('44', 0.76, '302 NBA players', 302.0)]","[('22', 0.98, 'seven players', 7.0)]","[('8', 0.79, '450 or so NBA players', 450.0)]",,,
1170,"how many seats in honda crz",,,"=",,"Non-entity","other",,,"weighted",5,"[(5.0, 0.8), (5.0, 0.79)]","[('7', 0.8, 'five people', 5.0), ('21', 0.79, 'five people', 5.0)]",,,0,0,"[('7', 0.8, 'five people', 5.0), ('21', 0.79, 'five people', 5.0)]","[]","[]",,,
1940,"how many eating utensils are in the white house",,,"=",,"Non-entity","other",,,"weighted",12,"[(12.0, 0.73), (3.0, 0.58)]","[('30', 0.73, '12 people', 12.0), ('40', 0.58, 'Three Eating Utensils', 3.0)]",,,6.36,0,"[('30', 0.73, '12 people', 12.0)]","[('40', 0.58, 'Three Eating Utensils', 3.0)]","[]",,,
354,"how many angles does a pentagon have",,,"=",,"Non-entity","other",,,"weighted",5,"[(5.0, 0.99), (5.0, 0.58), (5.0, 0.99), (5.0, 0.98), (5.0, 0.88), (5.0, 0.99), (5.0, 0.99), (5.0, 0.99), (5.0, 0.99), (5.0, 0.99), (5.0, 0.79), (5.0, 0.99), (5.0, 0.99), (5.0, 0.99), (5.0, 0.58), (5.0, 0.58), (5.0, 0.97), (5.0, 0.99)]","[('0', 0.99, '5 sides', 5.0), ('1', 0.58, 'five angles', 5.0), ('3', 0.99, 'five sides', 5.0), ('4', 0.98, 'five angles', 5.0), ('5', 0.88, '5 equal sides 5 equal internal angles', 5.0), ('6', 0.99, '5 sides', 5.0), ('9', 0.99, '5 sides', 5.0), ('10', 0.99, '5 sides', 5.0), ('11', 0.99, '5 sides', 5.0), ('12', 0.43, '5 What', 5.0), ('13', 0.99, '5 sides', 5.0), ('14', 0.79, '5 sided polygon', 5.0), ('17', 0.99, 'five sides', 5.0), ('18', 0.99, '5 sides', 5.0), ('21', 0.99, '5 sides', 5.0), ('27', 0.58, '5 sides 5', 5.0), ('27', 0.58, '5 sides 5', 5.0), ('29', 0.97, '5 sides', 5.0), ('30', 0.99, '5 sides', 5.0), ('31', 0.42, '3 What do you call a 9 sided shape', 3.0), ('31', 0.42, '3 What do you call a 9 sided shape', 9.0)]",,,0,0,"[('0', 0.99, '5 sides', 5.0), ('3', 0.99, 'five sides', 5.0), ('6', 0.99, '5 sides', 5.0), ('9', 0.99, '5 sides', 5.0), ('10', 0.99, '5 sides', 5.0), ('11', 0.99, '5 sides', 5.0), ('13', 0.99, '5 sides', 5.0), ('17', 0.99, 'five sides', 5.0), ('18', 0.99, '5 sides', 5.0), ('21', 0.99, '5 sides', 5.0), ('30', 0.99, '5 sides', 5.0), ('4', 0.98, 'five angles', 5.0), ('29', 0.97, '5 sides', 5.0), ('5', 0.88, '5 equal sides 5 equal internal angles', 5.0), ('14', 0.79, '5 sided polygon', 5.0), ('1', 0.58, 'five angles', 5.0), ('27', 0.58, '5 sides 5', 5.0), ('27', 0.58, '5 sides 5', 5.0)]","[]","[]",,,
2990,"how many msq in arr",,,"=",,"obscure","other",,,"weighted",80,"[(80.0, 0.97), (51.0, 0.78), (210.0, 0.58), (12.0, 0.55)]","[('4', 0.97, '80 quests', 80.0), ('20', 0.42, '186 give or take', 186.0), ('38', 0.78, '51 quests', 51.0), ('40', 0.58, 'about 210 hours', 210.0), ('44', 0.55, '12 - ARR - Do', 12.0)]",,,85.82,0,"[('4', 0.97, '80 quests', 80.0)]","[('38', 0.78, '51 quests', 51.0), ('44', 0.55, '12 - ARR - Do', 12.0)]","[('40', 0.58, 'about 210 hours', 210.0)]",,,
2145,"how many floors are in the white house",,,"=",,"Non-entity","other",,,"weighted",6,"[(4.0, 0.67), (6.0, 0.66), (6.0, 0.89), (4.0, 0.84), (3.0, 0.99), (6.0, 0.97), (6.0, 0.5), (6.0, 0.98), (6.0, 0.98), (6.0, 0.99)]","[('3', 0.67, 'four floors', 4.0), ('6', 0.66, 'six stories', 6.0), ('14', 0.89, '6 levels', 6.0), ('17', 0.84, 'four floors', 4.0), ('18', 0.99, 'three floors', 3.0), ('19', 0.97, '6 levels', 6.0), ('22', 0.5, 'six stories', 6.0), ('25', 0.98, 'six floors', 6.0), ('31', 0.98, 'six floors', 6.0), ('34', 0.99, 'six floors', 6.0)]",,,1.16,0,"[('34', 0.99, 'six floors', 6.0), ('25', 0.98, 'six floors', 6.0), ('31', 0.98, 'six floors', 6.0), ('19', 0.97, '6 levels', 6.0), ('14', 0.89, '6 levels', 6.0), ('6', 0.66, 'six stories', 6.0), ('22', 0.5, 'six stories', 6.0), ('3', 0.67, 'four floors', 4.0), ('17', 0.84, 'four floors', 4.0)]","[('18', 0.99, 'three floors', 3.0)]","[]",,,
1579,"how many calories in giant jbc meal",,,"=",,"Non-entity","other",,,"weighted",360,"[(360.0, 0.95), (1200.0, 0.5), (290.0, 0.98)]","[('2', 0.95, '360 calories', 360.0), ('28', 0.5, '1200 Calorie', 1200.0), ('36', 0.98, '290 calories', 290.0)]",,,506.39,0,"[('2', 0.95, '360 calories', 360.0), ('36', 0.98, '290 calories', 290.0)]","[]","[('28', 0.5, '1200 Calorie', 1200.0)]",,,
3207,"how many shots pcp air rifle",,,"=",,"Non-entity","other",,,"weighted",10,"[(64.0, 0.56), (180.0, 0.96), (10.0, 0.92), (160.0, 0.6), (10.0, 0.96), (10.0, 0.77), (51.0, 0.84), (15.0, 0.65), (10.0, 0.98), (10.0, 0.53), (10.0, 0.87)]","[('6', 0.56, '64 shots', 64.0), ('12', 0.96, '180 consistent shots', 180.0), ('16', 0.92, '10-shot string', 10.0), ('22', 0.6, 'approximately 160 shots', 160.0), ('25', 0.96, '10-shot string', 10.0), ('30', 0.77, '10-shot', 10.0), ('35', 0.84, '51 shots', 51.0), ('40', 0.65, '15 shots', 15.0), ('41', 0.98, '10-shot clips', 10.0), ('43', 0.53, '10- shot rotary magazine system', 10.0), ('45', 0.87, '10-shot version', 10.0)]",,,63.23,0,"[('41', 0.98, '10-shot clips', 10.0), ('25', 0.96, '10-shot string', 10.0), ('16', 0.92, '10-shot string', 10.0), ('45', 0.87, '10-shot version', 10.0), ('30', 0.77, '10-shot', 10.0), ('43', 0.53, '10- shot rotary magazine system', 10.0)]","[]","[('6', 0.56, '64 shots', 64.0), ('12', 0.96, '180 consistent shots', 180.0), ('22', 0.6, 'approximately 160 shots', 160.0), ('35', 0.84, '51 shots', 51.0), ('40', 0.65, '15 shots', 15.0)]",,,
1549,"how many stocks in ivv",,,"=",,"Non-entity","other",,,"weighted",500,"[(500.0, 0.97), (500.0, 0.98), (500.0, 0.98), (500.0, 0.93), (500.0, 0.96), (500.0, 0.7), (500.0, 0.96), (500.0, 0.98), (500.0, 0.98), (500.0, 0.95), (500.0, 0.88), (500.0, 0.97), (500.0, 0.94), (500.0, 0.98), (500.0, 0.92), (500.0, 0.55), (500.0, 0.9), (500.0, 0.97), (500.0, 0.97), (500.0, 0.7), (500.0, 0.97), (500.0, 0.92), (500.0, 0.97), (500.0, 0.98)]","[('0', 0.97, '500 ETF', 500.0), ('1', 0.98, '500 ETF', 500.0), ('2', 0.98, '500 ETF', 500.0), ('3', 0.93, '500 Index-delivers', 500.0), ('5', 0.96, '500 index fund', 500.0), ('6', 0.27, '500 of the largest cap U.S. stocks. 3. Use at the core of your portfolio to seek long-term growth. The iShares Core S&P 500 ETF', 500.0), ('6', 0.27, '500 of the largest cap U.S. stocks. 3. Use at the core of your portfolio to seek long-term growth. The iShares Core S&P 500 ETF', 3.0), ('6', 0.27, '500 of the largest cap U.S. stocks. 3. Use at the core of your portfolio to seek long-term growth. The iShares Core S&P 500 ETF', 500.0), ('7', 0.7, '500 index fund', 500.0), ('9', 0.96, '500 index', 500.0), ('10', 0.98, '500 Index', 500.0), ('11', 0.98, '500 Index', 500.0), ('13', 0.48, '500 U.S.', 500.0), ('14', 0.43, '500 ETF Forecast', 500.0), ('16', 0.95, '500 ETF', 500.0), ('17', 0.88, '500 ETF', 500.0), ('18', 0.97, '500 ETF', 500.0), ('22', 0.94, '500 ETF', 500.0), ('23', 0.98, '500 ETF', 500.0), ('24', 0.92, '500 ETF', 500.0), ('26', 0.55, ""500 ETF's units"", 500.0), ('29', 0.9, '500 index fund', 500.0), ('34', 0.44, '500 ...', 500.0), ('36', 0.97, '500 ETF', 500.0), ('38', 0.97, '500 index', 500.0), ('39', 0.7, '500 ETF', 500.0), ('40', 0.97, '500 ETF', 500.0), ('42', 0.92, '500 ETF', 500.0), ('45', 0.97, '500 ETF', 500.0), ('47', 0.98, '500 ETF', 500.0)]",,,0,0,"[('1', 0.98, '500 ETF', 500.0), ('2', 0.98, '500 ETF', 500.0), ('10', 0.98, '500 Index', 500.0), ('11', 0.98, '500 Index', 500.0), ('23', 0.98, '500 ETF', 500.0), ('47', 0.98, '500 ETF', 500.0), ('0', 0.97, '500 ETF', 500.0), ('18', 0.97, '500 ETF', 500.0), ('36', 0.97, '500 ETF', 500.0), ('38', 0.97, '500 index', 500.0), ('40', 0.97, '500 ETF', 500.0), ('45', 0.97, '500 ETF', 500.0), ('5', 0.96, '500 index fund', 500.0), ('9', 0.96, '500 index', 500.0), ('16', 0.95, '500 ETF', 500.0), ('22', 0.94, '500 ETF', 500.0), ('3', 0.93, '500 Index-delivers', 500.0), ('24', 0.92, '500 ETF', 500.0), ('42', 0.92, '500 ETF', 500.0), ('29', 0.9, '500 index fund', 500.0), ('17', 0.88, '500 ETF', 500.0), ('7', 0.7, '500 index fund', 500.0), ('39', 0.7, '500 ETF', 500.0), ('26', 0.55, ""500 ETF's units"", 500.0)]","[]","[]",,,
2520,"how many kayle in tft",,,"=",,"Non-entity","other",,,"weighted",5,"[(5.5, 0.52), (13.0, 0.94), (3.0, 0.64)]","[('2', 0.33, '5 min', 5.0), ('3', 0.52, '5.5 - Item build', 5.5), ('13', 0.94, '13 Kayles', 13.0), ('35', 0.64, '3 BM', 3.0)]",,,5.29,0,"[('3', 0.52, '5.5 - Item build', 5.5), ('35', 0.64, '3 BM', 3.0)]","[]","[('13', 0.94, '13 Kayles', 13.0)]",,,
3793,"how many kilometers udupi to malpe",,,"=",,"Non-entity","other",,,"weighted",6,"[(5.33, 0.72), (66.0, 0.85), (65.0, 0.96), (6.0, 0.84), (6.0, 0.94), (6.0, 0.94), (6.0, 0.94), (6.0, 0.69)]","[('0', 0.72, '5.33 km', 5.33), ('6', 0.85, '66 kilometres', 66.0), ('10', 0.96, '65 km', 65.0), ('12', 0.32, '69.5 km', 69.5), ('19', 0.84, 'about six kilometers', 6.0), ('25', 0.94, 'about six kilometers', 6.0), ('26', 0.94, 'about six kilometers', 6.0), ('39', 0.94, 'about six kilometers', 6.0), ('40', 0.32, 'about 10 kilometers', 10.0), ('45', 0.69, 'about six kilometers', 6.0), ('46', 0.39, 'two ways', 2.0)]",,,27.62,0,"[('25', 0.94, 'about six kilometers', 6.0), ('26', 0.94, 'about six kilometers', 6.0), ('39', 0.94, 'about six kilometers', 6.0), ('19', 0.84, 'about six kilometers', 6.0), ('45', 0.69, 'about six kilometers', 6.0), ('0', 0.72, '5.33 km', 5.33)]","[]","[('6', 0.85, '66 kilometres', 66.0), ('10', 0.96, '65 km', 65.0)]",,,
194,"how many credits is nqf level 7",,,"=",,"Non-entity","other",,,"weighted",120,"[(120.0, 0.96), (180.0, 0.91), (180.0, 0.91), (120.0, 0.98), (486.0, 0.99), (56.0, 0.71), (120.0, 0.81), (120.0, 0.53), (120.0, 0.7), (420.0, 0.98), (120.0, 0.9)]","[('1', 0.96, '120 credits', 120.0), ('3', 0.91, '180 ECTS credits', 180.0), ('5', 0.91, '180 ECTS credits', 180.0), ('13', 0.98, '120 credits', 120.0), ('22', 0.99, '486 credits', 486.0), ('24', 0.71, '56 credits', 56.0), ('33', 0.81, '120 credits', 120.0), ('35', 0.53, '120 credit Advanced Diploma', 120.0), ('39', 0.7, '120 credits', 120.0), ('41', 0.98, '420 credits', 420.0), ('42', 0.33, '560 SAQA credits', 560.0), ('43', 0.9, '120 credits', 120.0)]",,,137.06,0,"[('13', 0.98, '120 credits', 120.0), ('1', 0.96, '120 credits', 120.0), ('43', 0.9, '120 credits', 120.0), ('33', 0.81, '120 credits', 120.0), ('39', 0.7, '120 credits', 120.0), ('35', 0.53, '120 credit Advanced Diploma', 120.0)]","[('24', 0.71, '56 credits', 56.0)]","[('3', 0.91, '180 ECTS credits', 180.0), ('5', 0.91, '180 ECTS credits', 180.0), ('22', 0.99, '486 credits', 486.0), ('41', 0.98, '420 credits', 420.0)]",,,
3475,"how many different rsa-1024 keys are there",,,"=",,"Non-entity","other",,,"weighted",3,"[(3.0, 0.6), (3.0, 0.96), (5.0, 0.78), (3.0, 0.69)]","[('4', 0.6, 'three different public keys', 3.0), ('12', 0.96, '3-key Triple DES', 3.0), ('22', 0.78, '5 points', 5.0), ('23', 0.69, 'three different 1024 bit RSA public keys', 3.0)]",,,1,0,"[('12', 0.96, '3-key Triple DES', 3.0), ('23', 0.69, 'three different 1024 bit RSA public keys', 3.0), ('4', 0.6, 'three different public keys', 3.0)]","[]","[('22', 0.78, '5 points', 5.0)]",,,
4601,"how many km from tvm to kanyakumari",,,"=",,"Non-entity","other",,,"weighted",90,"[(130.0, 0.93), (90.0, 0.96), (90.0, 0.92), (71.0, 0.97), (706.0, 0.92)]","[('7', 0.44, '103 km', 103.0), ('8', 0.93, '130 km', 130.0), ('9', 0.96, '90 KM', 90.0), ('10', 0.92, '90 kms', 90.0), ('11', 0.97, 'approximately 71 kilometers', 71.0), ('19', 0.92, '706 km', 706.0)]",,,273.98,0,"[('9', 0.96, '90 KM', 90.0), ('10', 0.92, '90 kms', 90.0), ('11', 0.97, 'approximately 71 kilometers', 71.0)]","[]","[('8', 0.93, '130 km', 130.0), ('19', 0.92, '706 km', 706.0)]",,,
2668,"how many calories in kuey teow",,,"=",,"Non-entity","other",,,"weighted",639,"[(639.0, 0.94), (742.0, 0.93)]","[('17', 0.35, 'about 744 calories. Having char kuey teow for lunch is only a bad idea if you’re having it every single day. Remember, moderation is key! #4 Roti Canai On its own, without any addition of eggs, cheese, or bananas, a single Roti Canai Kosong is 301 calories', 744.0), ('17', 0.35, 'about 744 calories. Having char kuey teow for lunch is only a bad idea if you’re having it every single day. Remember, moderation is key! #4 Roti Canai On its own, without any addition of eggs, cheese, or bananas, a single Roti Canai Kosong is 301 calories', 4.0), ('17', 0.35, 'about 744 calories. Having char kuey teow for lunch is only a bad idea if you’re having it every single day. Remember, moderation is key! #4 Roti Canai On its own, without any addition of eggs, cheese, or bananas, a single Roti Canai Kosong is 301 calories', 301.0), ('39', 0.94, '639 calories per', 639.0), ('41', 0.93, '742 calories', 742.0)]",,,72.83,0,"[('39', 0.94, '639 calories per', 639.0), ('41', 0.93, '742 calories', 742.0)]","[]","[]",,,
2547,"how many calories are in ketchup",,,"=",,"Non-entity","other",,,"weighted",20,"[(15.0, 0.72), (6.0, 0.87), (100.0, 0.98), (3.8, 0.98), (15.0, 0.95), (44.0, 0.98), (10.0, 0.96), (67.0, 0.9), (233.0, 0.9), (20.0, 0.86), (460.0, 0.83), (10.0, 0.58), (15.0, 0.95), (499.0, 0.61), (20.0, 0.89)]","[('0', 0.72, '15 calories', 15.0), ('3', 0.47, '15 Calories Quantity tablespoon', 15.0), ('4', 0.87, '6 calories', 6.0), ('5', 0.45, '9 calories', 9.0), ('6', 0.98, '100 g', 100.0), ('8', 0.31, '10 calories', 10.0), ('10', 0.98, 'about 3.8 grams', 3.8), ('12', 0.44, 'about 22 calories', 22.0), ('13', 0.95, 'about 15 calories', 15.0), ('14', 0.98, '44 calories', 44.0), ('15', 0.96, '10 calories', 10.0), ('17', 0.9, '67 calories', 67.0), ('20', 0.9, '233 calories', 233.0), ('25', 0.31, '58 calories', 58.0), ('27', 0.42, '95 milligrams', 95.0), ('31', 0.86, '20 calories', 20.0), ('35', 0.83, '460 calories', 460.0), ('36', 0.58, '10 calories', 10.0), ('38', 0.95, '15 calories', 15.0), ('39', 0.61, '499 calories', 499.0), ('40', 0.89, '20 calories', 20.0), ('46', 0.4, '20 calories', 20.0)]",,,164.67,0,"[('40', 0.89, '20 calories', 20.0), ('31', 0.86, '20 calories', 20.0), ('0', 0.72, '15 calories', 15.0), ('13', 0.95, 'about 15 calories', 15.0), ('38', 0.95, '15 calories', 15.0)]","[('4', 0.87, '6 calories', 6.0), ('10', 0.98, 'about 3.8 grams', 3.8), ('15', 0.96, '10 calories', 10.0), ('36', 0.58, '10 calories', 10.0)]","[('6', 0.98, '100 g', 100.0), ('14', 0.98, '44 calories', 44.0), ('17', 0.9, '67 calories', 67.0), ('20', 0.9, '233 calories', 233.0), ('35', 0.83, '460 calories', 460.0), ('39', 0.61, '499 calories', 499.0)]",,,
4642,"how many kilometres from zuurbekom to johannesburg",,,"=",,"Non-entity","other",,,"weighted",343,"[(64.0, 0.52), (64.0, 0.52), (343.0, 0.98), (1264.0, 0.78), (600.0, 0.97), (13.0, 0.82)]","[('4', 0.34, '432 5th Avenue Zuurbekom, Westonaria 1779 South Africa. Getting there. Johannesburg Intl Airport 53 km', 432.0), ('4', 0.34, '432 5th Avenue Zuurbekom, Westonaria 1779 South Africa. Getting there. Johannesburg Intl Airport 53 km', 53.0), ('5', 0.52, '64 kilometres', 64.0), ('6', 0.52, '64 kilometres', 64.0), ('15', 0.98, '343 kilometres', 343.0), ('20', 0.78, 'about 1264 kilometers', 1264.0), ('23', 0.97, 'Approximately 600 kilometers', 600.0), ('29', 0.82, '13 271 kilometres', 13.0)]",,,482.67,0,"[('15', 0.98, '343 kilometres', 343.0)]","[('5', 0.52, '64 kilometres', 64.0), ('6', 0.52, '64 kilometres', 64.0), ('29', 0.82, '13 271 kilometres', 13.0)]","[('20', 0.78, 'about 1264 kilometers', 1264.0), ('23', 0.97, 'Approximately 600 kilometers', 600.0)]",,,
3219,"how many calories does pfc have",,,"=",,"Non-entity","other",,,"weighted",1,"[(1.0, 0.66), (110.0, 0.57)]","[('3', 0.66, '100 percent', 1.0), ('19', 0.48, '300 Calorie', 300.0), ('33', 0.57, '110 calories', 110.0)]",,,77.07,0,"[('3', 0.66, '100 percent', 1.0)]","[]","[('33', 0.57, '110 calories', 110.0)]",,,
4523,"how many kilometres from moyale to ethiopia",,,"=",,"Non-entity","other",,,"weighted",821,"[(502.0, 0.85), (1492.0, 0.66), (438.0, 0.57), (531.0, 0.91), (821.0, 0.88), (1.0, 0.78), (987.0, 0.84), (2386.0, 0.54), (13304.0, 0.89), (11567.0, 0.79)]","[('4', 0.85, '502 km', 502.0), ('14', 0.66, '1492 km', 1492.0), ('17', 0.57, '438 Kilometres road', 438.0), ('20', 0.91, '531 km', 531.0), ('21', 0.88, '821 km', 821.0), ('27', 0.78, 'about 1 081 km', 1.0), ('29', 0.48, '562 miles or 904 kilometers', 562.0), ('30', 0.84, '987 km', 987.0), ('33', 0.39, '497 kilometers', 497.0), ('35', 0.54, '2386 kilometers', 2386.0), ('36', 0.49, '5754 kilometers', 5754.0), ('37', 0.89, '13304 kilometers', 13304.0), ('41', 0.79, '11567 kilometers', 11567.0)]",,,4927.24,0,"[('21', 0.88, '821 km', 821.0), ('30', 0.84, '987 km', 987.0)]","[('4', 0.85, '502 km', 502.0), ('17', 0.57, '438 Kilometres road', 438.0), ('20', 0.91, '531 km', 531.0), ('27', 0.78, 'about 1 081 km', 1.0)]","[('14', 0.66, '1492 km', 1492.0), ('35', 0.54, '2386 kilometers', 2386.0), ('37', 0.89, '13304 kilometers', 13304.0), ('41', 0.79, '11567 kilometers', 11567.0)]",,,
2237,"how many calories in gfs cabbage rolls",,,"=",,"Non-entity","other",,,"weighted",90,"[(90.0, 0.97), (150.0, 0.53), (869.0, 0.56), (1.0, 0.66), (2500.0, 0.77), (18.0, 0.93)]","[('5', 0.97, '90 calories', 90.0), ('6', 0.43, '54 calories', 54.0), ('11', 0.53, '150 Calories 20g Carbs', 150.0), ('19', 0.56, '869 calories', 869.0), ('26', 0.66, '1 bowl - Calories', 1.0), ('38', 0.77, '2500 calorie diet', 2500.0), ('43', 0.93, '18 grams', 18.0)]",,,984.11,0,"[('5', 0.97, '90 calories', 90.0)]","[('26', 0.66, '1 bowl - Calories', 1.0), ('43', 0.93, '18 grams', 18.0)]","[('11', 0.53, '150 Calories 20g Carbs', 150.0), ('19', 0.56, '869 calories', 869.0), ('38', 0.77, '2500 calorie diet', 2500.0)]",,,
3176,"how many nmc progression points are there",,,"=",,"Non-entity","other",,,"weighted",5,"[(5.0, 0.71)]","[('15', 0.71, 'five headings', 5.0)]",,,,0,"[('15', 'five headings')]",,,,,
827,"how many atb assist materia",,,"=",,"Non-entity","other",,,"weighted",3,"[(4.0, 0.72), (3.0, 0.81)]","[('30', 0.47, 'two ATB commands', 2.0), ('37', 0.72, 'four enemy skills', 4.0), ('41', 0.81, 'three if', 3.0)]",,,0.71,0,"[('41', 0.81, 'three if', 3.0)]","[]","[('37', 0.72, 'four enemy skills', 4.0)]",,,
